Maturity>>>,1 Month,3 Month,6 Month,1 Year,2 Years,3 Years,5 Years,7 Years,10 Years,20 Years,30 Years
Apr-53,,,,2.36,,2.51,2.62,,2.83,3.08,
May-53,,,,2.48,,2.72,2.87,,3.05,3.18,
Jun-53,,,,2.45,,2.74,2.94,,3.11,3.21,
Jul-53,,,,2.38,,2.62,2.75,,2.93,3.12,
Aug-53,,,,2.28,,2.58,2.80,,2.95,3.10,
Sep-53,,,,2.20,,2.56,2.71,,2.87,3.07,
Oct-53,,,,1.79,,2.23,2.43,,2.66,2.95,
Nov-53,,,,1.67,,2.20,2.42,,2.68,2.95,
Dec-53,,,,1.66,,2.07,2.32,,2.59,2.89,
Jan-54,,,,1.41,,1.89,2.17,,2.48,2.80,
Feb-54,,,,1.14,,1.63,2.04,,2.47,2.72,
Mar-54,,,,1.13,,1.59,1.93,,2.37,2.61,
Apr-54,,,,0.96,,1.54,1.87,,2.29,2.60,
May-54,,,,0.85,,1.56,1.92,,2.37,2.66,
Jun-54,,,,0.82,,1.53,1.92,,2.38,2.64,
Jul-54,,,,0.84,,1.47,1.85,,2.30,2.57,
Aug-54,,,,0.88,,1.49,1.90,,2.36,2.58,
Sep-54,,,,1.03,,1.60,1.96,,2.38,2.60,
Oct-54,,,,1.17,,1.72,2.02,,2.43,2.61,
Nov-54,,,,1.14,,1.75,2.09,,2.48,2.65,
Dec-54,,,,1.21,,1.81,2.16,,2.51,2.67,
Jan-55,,,,1.39,,1.99,2.32,,2.61,2.75,
Feb-55,,,,1.57,,2.12,2.38,,2.65,2.83,
Mar-55,,,,1.59,,2.26,2.48,,2.68,2.84,
Apr-55,,,,1.75,,2.37,2.55,,2.75,2.85,
May-55,,,,1.90,,2.37,2.56,,2.76,2.87,
Jun-55,,,,1.91,,2.39,2.59,,2.78,2.86,
Jul-55,,,,2.02,,2.51,2.72,,2.90,2.94,
Aug-55,,,,2.37,,2.72,2.86,,2.97,3.01,
Sep-55,,,,2.36,,2.69,2.85,,2.97,3.00,
Oct-55,,,,2.39,,2.62,2.76,,2.88,2.93,
Nov-55,,,,2.48,,2.73,2.81,,2.89,2.93,
Dec-55,,,,2.73,,2.88,2.93,,2.96,2.98,
Jan-56,,,,2.58,,2.78,2.84,,2.90,2.94,
Feb-56,,,,2.49,,2.67,2.74,,2.84,2.91,
Mar-56,,,,2.61,,2.89,2.93,,2.96,2.99,
Apr-56,,,,2.92,,3.19,3.20,,3.18,3.14,
May-56,,,,2.94,,3.08,3.08,,3.07,3.06,
Jun-56,,,,2.74,,2.95,2.97,,3.00,3.00,
Jul-56,,,,2.76,,3.06,3.12,,3.11,3.08,
Aug-56,,,,3.10,,3.39,3.41,,3.33,3.22,
Sep-56,,,,3.35,,3.50,3.47,,3.38,3.28,
Oct-56,,,,3.28,,3.40,3.40,,3.34,3.26,
Nov-56,,,,3.44,,3.57,3.56,,3.49,3.37,
Dec-56,,,,3.68,,3.76,3.70,,3.59,3.45,
Jan-57,,,,3.37,,3.46,3.47,,3.46,3.41,
Feb-57,,,,3.38,,3.42,3.39,,3.34,3.30,
Mar-57,,,,3.42,,3.47,3.46,,3.41,3.32,
Apr-57,,,,3.49,,3.53,3.53,,3.48,3.40,
May-57,,,,3.48,,3.61,3.64,,3.60,3.49,
Jun-57,,,,3.65,,3.80,3.83,,3.80,3.65,
Jul-57,,,,3.81,,3.96,4.00,,3.93,3.72,
Aug-57,,,,4.01,,4.02,4.00,,3.93,3.75,
Sep-57,,,,4.07,,4.06,4.03,,3.92,3.73,
Oct-57,,,,4.01,,4.09,4.08,,3.97,3.76,
Nov-57,,,,3.57,,3.70,3.72,,3.72,3.61,
Dec-57,,,,3.18,,3.11,3.08,,3.21,3.38,
Jan-58,,,,2.65,,2.78,2.88,,3.09,3.27,
Feb-58,,,,1.99,,2.58,2.78,,3.05,3.31,
Mar-58,,,,1.84,,2.40,2.64,,2.98,3.29,
Apr-58,,,,1.45,,2.15,2.46,,2.88,3.17,
May-58,,,,1.37,,2.07,2.41,,2.92,3.17,
Jun-58,,,,1.23,,2.08,2.46,,2.97,3.23,
Jul-58,,,,1.61,,2.42,2.77,,3.20,3.39,
Aug-58,,,,2.50,,3.06,3.29,,3.54,3.65,
Sep-58,,,,3.05,,3.52,3.69,,3.76,3.80,
Oct-58,,,,3.19,,3.67,3.78,,3.80,3.81,
Nov-58,,,,3.10,,3.60,3.70,,3.74,3.76,
Dec-58,,,,3.29,,3.72,3.82,,3.86,3.86,
Jan-59,,,,3.36,,3.91,4.01,,4.02,3.95,
Feb-59,,,,3.54,,3.92,3.96,,3.96,3.96,
Mar-59,,,,3.61,,3.97,3.99,,3.99,3.99,
Apr-59,,,,3.72,,4.03,4.12,,4.12,4.06,
May-59,,,,3.96,,4.25,4.35,,4.31,4.13,
Jun-59,,,,4.07,,4.52,4.50,,4.34,4.14,
Jul-59,,,,4.39,,4.60,4.58,,4.40,4.16,
Aug-59,,,,4.42,,4.60,4.57,,4.43,4.15,
Sep-59,,,,5.00,,4.97,4.90,,4.68,4.29,
Oct-59,,,,4.80,,4.78,4.72,,4.53,4.19,
Nov-59,,,,4.81,,4.85,4.75,,4.53,4.20,
Dec-59,,,,5.14,,5.12,5.01,,4.69,4.33,
Jan-60,,,,5.03,,4.99,4.92,,4.72,4.42,
Feb-60,,,,4.66,,4.73,4.69,,4.49,4.28,
Mar-60,,,,4.02,,4.29,4.31,,4.25,4.14,
Apr-60,,,,4.04,,4.27,4.29,,4.28,4.23,
May-60,,,,4.21,,4.46,4.49,,4.35,4.20,
Jun-60,,,,3.36,,4.01,4.12,,4.15,4.04,
Jul-60,,,,3.20,,3.63,3.79,,3.90,3.91,
Aug-60,,,,2.95,,3.41,3.62,,3.80,3.84,
Sep-60,,,,3.07,,3.43,3.61,,3.80,3.86,
Oct-60,,,,3.04,,3.53,3.76,,3.89,3.92,
Nov-60,,,,3.08,,3.60,3.81,,3.93,3.96,
Dec-60,,,,2.86,,3.42,3.67,,3.84,3.91,
Jan-61,,,,2.81,,3.39,3.67,,3.84,3.90,
Feb-61,,,,2.93,,3.46,3.66,,3.78,3.84,
Mar-61,,,,2.88,,3.35,3.60,,3.74,3.81,
Apr-61,,,,2.88,,3.33,3.57,,3.78,3.81,
May-61,,,,2.87,,3.23,3.47,,3.71,3.74,
Jun-61,,,,3.06,,3.63,3.81,,3.88,3.89,
Jul-61,,,,2.92,,3.59,3.84,,3.92,3.93,
Aug-61,,,,3.06,,3.76,3.96,,4.04,4.04,
Sep-61,,,,3.06,,3.73,3.90,,3.98,4.04,
Oct-61,,,,3.05,,3.62,3.80,,3.92,4.01,
Nov-61,,,,3.07,,3.61,3.82,,3.94,4.00,
Dec-61,,,,3.18,,3.72,3.91,,4.06,4.07,
Jan-62,,,,3.28,,3.76,3.94,,4.08,4.10,
Feb-62,,,,3.28,,3.69,3.89,,4.04,4.12,
Mar-62,,,,3.06,,3.45,3.68,,3.93,4.04,
Apr-62,,,,2.99,,3.38,3.60,,3.84,3.93,
May-62,,,,3.03,,3.40,3.66,,3.87,3.92,
Jun-62,,,,3.03,,3.39,3.64,,3.91,3.96,
Jul-62,,,,3.29,,3.62,3.80,,4.01,4.05,
Aug-62,,,,3.20,,3.46,3.71,,3.98,4.01,
Sep-62,,,,3.06,,3.41,3.70,,3.98,4.00,
Oct-62,,,,2.98,,3.33,3.64,,3.93,3.94,
Nov-62,,,,3.00,,3.40,3.60,,3.92,3.93,
Dec-62,,,,3.01,,3.37,3.56,,3.86,3.92,
Jan-63,,,,3.04,,3.40,3.58,,3.83,3.93,
Feb-63,,,,3.01,,3.39,3.66,,3.92,3.97,
Mar-63,,,,3.03,,3.41,3.68,,3.93,3.98,
Apr-63,,,,3.11,,3.50,3.74,,3.97,4.03,
May-63,,,,3.12,,3.54,3.72,,3.93,4.02,
Jun-63,,,,3.20,,3.61,3.81,,3.99,4.02,
Jul-63,,,,3.48,,3.76,3.89,,4.02,4.06,
Aug-63,,,,3.53,,3.77,3.89,,4.00,4.03,
Sep-63,,,,3.57,,3.82,3.96,,4.08,4.09,
Oct-63,,,,3.64,,3.87,3.97,,4.11,4.12,
Nov-63,,,,3.74,,3.95,4.01,,4.12,4.16,
Dec-63,,,,3.81,,4.01,4.04,,4.13,4.19,
Jan-64,,,,3.79,,4.04,4.07,,4.17,4.19,
Feb-64,,,,3.78,,4.00,4.03,,4.15,4.17,
Mar-64,,,,3.91,,4.12,4.14,,4.22,4.22,
Apr-64,,,,3.91,,4.15,4.15,,4.23,4.24,
May-64,,,,3.84,,4.04,4.05,,4.20,4.20,
Jun-64,,,,3.83,,4.01,4.02,,4.17,4.17,
Jul-64,,,,3.72,,3.93,4.03,,4.19,4.16,
Aug-64,,,,3.74,,3.93,4.05,,4.19,4.18,
Sep-64,,,,3.84,,4.01,4.08,,4.20,4.20,
Oct-64,,,,3.86,,4.02,4.07,,4.19,4.20,
Nov-64,,,,3.91,,4.04,4.04,,4.15,4.17,
Dec-64,,,,4.02,,4.08,4.09,,4.18,4.18,
Jan-65,,,,3.94,,4.03,4.10,,4.19,4.19,
Feb-65,,,,4.03,,4.08,4.15,,4.21,4.21,
Mar-65,,,,4.06,,4.13,4.15,,4.21,4.20,
Apr-65,,,,4.04,,4.12,4.15,,4.20,4.20,
May-65,,,,4.03,,4.11,4.15,,4.21,4.21,
Jun-65,,,,3.99,,4.08,4.15,,4.21,4.21,
Jul-65,,,,3.98,,4.09,4.15,,4.20,4.21,
Aug-65,,,,4.07,,4.16,4.20,,4.25,4.25,
Sep-65,,,,4.20,,4.24,4.25,,4.29,4.30,
Oct-65,,,,4.30,,4.33,4.34,,4.35,4.32,
Nov-65,,,,4.37,,4.45,4.46,,4.45,4.40,
Dec-65,,,,4.72,,4.79,4.72,,4.62,4.50,
Jan-66,,,,4.88,,4.90,4.86,,4.61,4.52,
Feb-66,,,,4.94,,5.02,4.98,,4.83,4.71,
Mar-66,,,,4.97,,4.97,4.92,,4.87,4.72,
Apr-66,,,,4.90,,4.89,4.83,,4.75,4.65,
May-66,,,,4.93,,5.00,4.89,,4.78,4.69,
Jun-66,,,,4.97,,5.05,4.97,,4.81,4.73,
Jul-66,,,,5.17,,5.26,5.17,,5.02,4.84,
Aug-66,,,,5.54,,5.68,5.50,,5.22,4.95,
Sep-66,,,,5.82,,5.79,5.50,,5.18,4.94,
Oct-66,,,,5.58,,5.48,5.27,,5.01,4.83,
Nov-66,,,,5.54,,5.53,5.36,,5.16,4.87,
Dec-66,,,,5.20,,5.19,5.00,,4.84,4.76,
Jan-67,,,,4.75,,4.75,4.70,,4.58,4.51,
Feb-67,,,,4.71,,4.73,4.74,,4.63,4.61,
Mar-67,,,,4.35,,4.47,4.54,,4.54,4.56,
Apr-67,,,,4.11,,4.38,4.51,,4.59,4.64,
May-67,,,,4.15,,4.61,4.75,,4.85,4.90,
Jun-67,,,,4.48,,4.89,5.01,,5.02,4.99,
Jul-67,,,,5.01,,5.06,5.23,,5.16,5.01,
Aug-67,,,,5.13,,5.23,5.31,,5.28,5.12,
Sep-67,,,,5.24,,5.41,5.40,,5.30,5.16,
Oct-67,,,,5.37,,5.52,5.57,,5.48,5.36,
Nov-67,,,,5.61,,5.71,5.78,,5.75,5.66,
Dec-67,,,,5.71,,5.71,5.75,,5.70,5.59,
Jan-68,,,,5.43,,5.53,5.54,,5.53,5.39,
Feb-68,,,,5.41,,5.61,5.59,,5.56,5.38,
Mar-68,,,,5.58,,5.80,5.76,,5.74,5.59,
Apr-68,,,,5.71,,5.75,5.69,,5.64,5.46,
May-68,,,,6.14,,6.11,6.04,,5.87,5.55,
Jun-68,,,,5.98,,5.82,5.85,,5.72,5.40,
Jul-68,,,,5.65,,5.54,5.60,,5.50,5.29,
Aug-68,,,,5.43,,5.42,5.50,,5.42,5.23,
Sep-68,,,,5.45,,5.39,5.48,,5.46,5.28,
Oct-68,,,,5.57,,5.52,5.55,,5.58,5.44,
Nov-68,,,,5.75,,5.57,5.66,,5.70,5.56,
Dec-68,,,,6.19,,6.16,6.12,,6.03,5.88,
Jan-69,,,,6.34,,6.22,6.25,,6.04,5.99,
Feb-69,,,,6.41,,6.32,6.34,,6.19,6.11,
Mar-69,,,,6.34,,6.38,6.41,,6.30,6.22,
Apr-69,,,,6.26,,6.25,6.30,,6.17,6.03,
May-69,,,,6.42,,6.51,6.54,,6.32,6.11,
Jun-69,,,,7.04,,6.83,6.75,,6.57,6.28,
Jul-69,,,,7.60,,7.31,7.01,6.80,6.72,6.27,
Aug-69,,,,7.54,,7.29,7.03,6.79,6.69,6.22,
Sep-69,,,,7.82,,7.77,7.57,7.36,7.16,6.55,
Oct-69,,,,7.64,,7.57,7.51,7.24,7.10,6.49,
Nov-69,,,,7.89,,7.65,7.53,7.17,7.14,6.74,
Dec-69,,,,8.17,,8.10,7.96,7.51,7.65,6.91,
Jan-70,,,,8.10,,8.24,8.17,7.73,7.79,6.92,
Feb-70,,,,7.59,,7.79,7.82,7.51,7.24,6.67,
Mar-70,,,,6.97,,7.15,7.21,7.13,7.07,6.72,
Apr-70,,,,7.06,,7.39,7.50,7.45,7.39,6.85,
May-70,,,,7.75,,7.94,7.97,7.93,7.91,7.24,
Jun-70,,,,7.55,,7.84,7.85,7.84,7.84,7.34,
Jul-70,,,,7.10,,7.56,7.59,7.61,7.46,6.92,
Aug-70,,,,6.98,,7.46,7.57,7.59,7.53,7.07,
Sep-70,,,,6.73,,7.11,7.29,7.40,7.39,6.88,
Oct-70,,,,6.43,,6.96,7.12,7.32,7.33,6.88,
Nov-70,,,,5.51,,6.25,6.47,6.76,6.84,6.58,
Dec-70,,,,5.00,,5.75,5.95,6.23,6.39,6.28,
Jan-71,,,,4.57,,5.61,5.89,6.16,6.24,6.18,
Feb-71,,,,3.89,,5.07,5.56,5.94,6.11,6.14,
Mar-71,,,,3.69,,4.50,5.00,5.42,5.70,5.94,
Apr-71,,,,4.30,,5.22,5.65,5.87,5.83,6.00,
May-71,,,,5.04,,5.97,6.28,6.42,6.39,6.32,
Jun-71,,,,5.64,,6.32,6.53,6.65,6.52,6.38,
Jul-71,,,,6.04,,6.74,6.85,6.92,6.73,6.38,
Aug-71,,,,5.80,,6.35,6.55,6.67,6.58,6.27,
Sep-71,,,,5.41,,5.89,6.14,6.20,6.14,6.05,
Oct-71,,,,4.91,,5.56,5.93,5.98,5.93,5.92,
Nov-71,,,,4.67,,5.35,5.78,5.94,5.81,5.86,
Dec-71,,,,4.60,,5.27,5.69,5.97,5.93,6.00,
Jan-72,,,,4.28,,5.14,5.59,5.91,5.95,6.01,
Feb-72,,,,4.27,,5.25,5.69,5.99,6.08,6.06,
Mar-72,,,,4.67,,5.56,5.87,6.05,6.07,6.06,
Apr-72,,,,4.96,,5.88,6.17,6.22,6.19,6.16,
May-72,,,,4.64,,5.55,5.85,6.07,6.13,6.07,
Jun-72,,,,4.93,,5.64,5.91,6.06,6.11,6.01,
Jul-72,,,,4.96,,5.78,5.97,6.09,6.11,6.01,
Aug-72,,,,4.98,,5.79,6.02,6.19,6.21,5.94,
Sep-72,,,,5.52,,6.06,6.25,6.43,6.55,6.05,
Oct-72,,,,5.52,,6.05,6.18,6.35,6.48,6.00,
Nov-72,,,,5.27,,5.94,6.12,6.18,6.28,5.79,
Dec-72,,,,5.52,,6.01,6.16,6.20,6.36,5.96,
Jan-73,,,,5.89,,6.27,6.34,6.36,6.46,6.78,
Feb-73,,,,6.19,,6.58,6.60,6.60,6.64,6.88,
Mar-73,,,,6.85,,6.86,6.80,6.76,6.71,6.91,
Apr-73,,,,6.85,,6.78,6.67,6.67,6.67,6.86,
May-73,,,,6.89,,6.83,6.80,6.83,6.85,6.99,
Jun-73,,,,7.31,,6.84,6.69,6.81,6.90,7.06,
Jul-73,,,,8.39,,7.54,7.33,7.23,7.13,7.29,
Aug-73,,,,8.82,,7.89,7.63,7.52,7.40,7.61,
Sep-73,,,,8.31,,7.25,7.05,7.08,7.09,7.25,
Oct-73,,,,7.40,,6.81,6.77,6.78,6.79,7.18,
Nov-73,,,,7.57,,7.00,6.92,6.89,6.73,7.30,
Dec-73,,,,7.27,,6.81,6.80,6.77,6.74,7.29,
Jan-74,,,,7.42,,6.96,6.95,6.88,6.99,7.47,
Feb-74,,,,6.88,,6.76,6.82,6.92,6.96,7.46,
Mar-74,,,,7.76,,7.35,7.31,7.34,7.21,7.73,
Apr-74,,,,8.62,,8.05,7.92,7.77,7.51,8.01,
May-74,,,,8.78,,8.27,8.18,7.93,7.58,8.14,
Jun-74,,,,8.67,,8.15,8.10,7.90,7.54,8.10,
Jul-74,,,,8.80,,8.41,8.38,8.19,7.81,8.26,
Aug-74,,,,9.36,,8.66,8.63,8.41,8.04,8.60,
Sep-74,,,,8.87,,8.41,8.37,8.25,8.04,8.59,
Oct-74,,,,8.05,,8.00,7.97,7.92,7.90,8.37,
Nov-74,,,,7.66,,7.61,7.68,7.68,7.68,7.98,
Dec-74,,,,7.31,,7.24,7.31,7.38,7.43,7.91,
Jan-75,,,,6.83,,7.23,7.41,7.45,7.50,7.88,
Feb-75,,,,5.98,,6.65,7.11,7.30,7.39,7.71,
Mar-75,,,,6.11,,6.81,7.30,7.58,7.73,7.99,
Apr-75,,,,6.90,,7.76,7.99,8.10,8.23,8.36,
May-75,,,,6.39,,7.39,7.72,7.90,8.06,8.22,
Jun-75,,,,6.29,,7.17,7.51,7.69,7.86,8.04,
Jul-75,,,,7.11,,7.72,7.92,7.99,8.06,8.17,
Aug-75,,,,7.70,,8.16,8.33,8.37,8.40,8.50,
Sep-75,,,,7.75,,8.29,8.37,8.39,8.43,8.57,
Oct-75,,,,6.95,,7.81,7.97,8.06,8.14,8.35,
Nov-75,,,,6.49,,7.46,7.80,7.98,8.05,8.28,
Dec-75,,,,6.60,,7.43,7.76,7.93,8.00,8.23,
Jan-76,,,,5.81,,6.99,7.46,7.67,7.74,8.01,
Feb-76,,,,5.91,,7.06,7.45,7.72,7.79,8.03,
Mar-76,,,,6.21,,7.13,7.49,7.65,7.73,7.97,
Apr-76,,,,5.92,,6.84,7.25,7.44,7.56,7.86,
May-76,,,,6.40,,7.27,7.59,7.77,7.90,8.13,
Jun-76,,,,6.52,7.06,7.31,7.61,7.75,7.86,8.03,
Jul-76,,,,6.20,6.85,7.12,7.49,7.70,7.83,8.00,
Aug-76,,,,6.00,6.63,6.86,7.31,7.58,7.77,7.91,
Sep-76,,,,5.84,6.42,6.66,7.13,7.41,7.59,7.78,
Oct-76,,,,5.50,5.98,6.24,6.75,7.16,7.41,7.70,
Nov-76,,,,5.29,5.81,6.09,6.52,6.86,7.29,7.64,
Dec-76,,,,4.89,5.38,5.68,6.10,6.37,6.87,7.30,
Jan-77,,,,5.29,5.90,6.22,6.58,6.92,7.21,7.48,
Feb-77,,,,5.47,6.09,6.44,6.83,7.16,7.39,7.64,7.75
Mar-77,,,,5.50,6.09,6.47,6.93,7.20,7.46,7.73,7.80
Apr-77,,,,5.44,5.96,6.31,6.79,7.11,7.37,7.67,7.73
May-77,,,,5.84,6.25,6.55,6.94,7.26,7.46,7.74,7.80
Jun-77,,,,5.80,6.13,6.39,6.76,7.05,7.28,7.64,7.64
Jul-77,,,,5.94,6.27,6.51,6.84,7.12,7.33,7.60,7.64
Aug-77,,,,6.37,6.61,6.79,7.03,7.24,7.40,7.64,7.68
Sep-77,,,,6.53,6.71,6.84,7.04,7.21,7.34,7.57,7.64
Oct-77,,,,6.97,7.11,7.19,7.32,7.44,7.52,7.71,7.77
Nov-77,,,,6.95,7.14,7.22,7.34,7.46,7.58,7.76,7.85
Dec-77,,,,6.96,7.18,7.30,7.48,7.59,7.69,7.87,7.94
Jan-78,,,,7.28,7.49,7.61,7.77,7.86,7.96,8.14,8.18
Feb-78,,,,7.34,7.57,7.67,7.83,7.94,8.03,8.22,8.25
Mar-78,,,,7.31,7.58,7.70,7.86,7.95,8.04,8.21,8.23
Apr-78,,,,7.45,7.74,7.85,7.98,8.06,8.15,8.32,8.34
May-78,,,,7.82,8.01,8.07,8.18,8.25,8.35,8.44,8.43
Jun-78,,,,8.09,8.24,8.30,8.36,8.40,8.46,8.53,8.50
Jul-78,,,,8.39,8.49,8.54,8.54,8.55,8.64,8.69,8.65
Aug-78,,,,8.31,8.37,8.33,8.33,8.38,8.41,8.45,8.47
Sep-78,,,,8.64,8.57,8.41,8.43,8.42,8.42,8.47,8.47
Oct-78,,,,9.14,8.85,8.62,8.61,8.64,8.64,8.69,8.67
Nov-78,,,,10.01,9.42,9.04,8.84,8.80,8.81,8.75,8.75
Dec-78,,,,10.30,9.72,9.33,9.08,9.03,9.01,8.90,8.88
Jan-79,,,,10.41,9.86,9.50,9.20,9.14,9.10,8.98,8.94
Feb-79,,,,10.24,9.72,9.29,9.13,9.11,9.10,9.03,9.00
Mar-79,,,,10.25,9.79,9.38,9.20,9.15,9.12,9.08,9.03
Apr-79,,,,10.12,9.78,9.43,9.25,9.21,9.18,9.12,9.08
May-79,,,,10.12,9.78,9.42,9.24,9.23,9.25,9.21,9.19
Jun-79,,,,9.57,9.22,8.95,8.85,8.86,8.91,8.91,8.92
Jul-79,,,,9.64,9.14,8.94,8.90,8.92,8.95,8.92,8.93
Aug-79,,,,9.98,9.46,9.14,9.06,9.05,9.03,8.97,8.98
Sep-79,,,,10.84,10.06,9.69,9.41,9.38,9.33,9.21,9.17
Oct-79,,,,12.44,11.49,10.95,10.63,10.47,10.30,9.99,9.85
Nov-79,,,,12.39,11.81,11.18,10.93,10.80,10.65,10.37,10.30
Dec-79,,,,11.98,11.39,10.71,10.42,10.42,10.39,10.18,10.12
Jan-80,,,,12.06,11.50,10.88,10.74,10.77,10.80,10.65,10.60
Feb-80,,,,13.92,13.42,12.84,12.60,12.53,12.41,12.21,12.13
Mar-80,,,,15.82,14.88,14.05,13.47,13.00,12.75,12.49,12.34
Apr-80,,,,13.30,12.50,12.02,11.84,11.49,11.47,11.42,11.40
May-80,,,,9.39,9.45,9.44,9.95,10.09,10.18,10.44,10.36
Jun-80,,,,8.16,8.73,8.91,9.21,9.45,9.78,9.89,9.81
Jul-80,,,,8.65,9.03,9.27,9.53,9.84,10.25,10.32,10.24
Aug-80,,,,10.24,10.53,10.63,10.84,10.95,11.10,11.07,11.00
Sep-80,,,,11.52,11.57,11.57,11.62,11.57,11.51,11.47,11.34
Oct-80,,,,12.49,12.09,12.01,11.86,11.79,11.75,11.75,11.59
Nov-80,,,,14.15,13.51,13.31,12.83,12.71,12.68,12.44,12.37
Dec-80,,,,14.88,14.08,13.65,13.25,13.00,12.84,12.49,12.40
Jan-81,,,,14.08,13.26,13.01,12.77,12.66,12.57,12.29,12.14
Feb-81,,,,14.57,13.92,13.65,13.41,13.28,13.19,12.98,12.80
Mar-81,,,,13.71,13.57,13.51,13.41,13.24,13.12,12.94,12.69
Apr-81,,,,14.32,14.15,14.09,13.99,13.85,13.68,13.46,13.20
May-81,,,,16.20,15.46,15.08,14.63,14.30,14.10,13.82,13.60
Jun-81,,,,14.86,14.51,14.29,13.95,13.67,13.47,13.20,12.96
Jul-81,,,,15.72,15.35,15.15,14.79,14.49,14.28,13.92,13.59
Aug-81,,,,16.72,16.28,16.00,15.56,15.22,14.94,14.52,14.17
Sep-81,,,,16.52,16.46,16.22,15.93,15.65,15.32,15.07,14.67
Oct-81,,,,15.38,15.54,15.50,15.41,15.33,15.15,15.13,14.68
Nov-81,,,,12.41,12.88,13.11,13.38,13.42,13.39,13.56,13.35
Dec-81,,,,12.85,13.29,13.66,13.60,13.62,13.72,13.73,13.45
Jan-82,,12.92,13.90,14.32,14.57,14.64,14.65,14.67,14.59,14.57,14.22
Feb-82,,14.28,14.81,14.73,14.82,14.73,14.54,14.46,14.43,14.48,14.22
Mar-82,,13.31,13.83,13.95,14.19,14.13,13.98,13.93,13.86,13.75,13.53
Apr-82,,13.34,13.87,13.98,14.20,14.18,14.00,13.94,13.87,13.57,13.37
May-82,,12.71,13.13,13.34,13.78,13.77,13.75,13.74,13.62,13.46,13.24
Jun-82,,13.08,13.76,14.07,14.47,14.48,14.43,14.47,14.30,14.18,13.92
Jul-82,,11.86,12.80,13.24,13.80,14.00,14.07,14.07,13.95,13.76,13.55
Aug-82,,9.00,10.51,11.43,12.32,12.62,13.00,13.14,13.06,12.91,12.77
Sep-82,,8.19,9.83,10.85,11.78,12.03,12.25,12.36,12.34,12.16,12.07
Oct-82,,7.97,8.63,9.32,10.19,10.62,10.80,10.88,10.91,10.97,11.17
Nov-82,,8.35,8.80,9.16,9.80,9.98,10.38,10.53,10.55,10.57,10.54
Dec-82,,8.20,8.59,8.91,9.66,9.88,10.22,10.49,10.54,10.62,10.54
Jan-83,,8.12,8.33,8.62,9.33,9.64,10.03,10.36,10.46,10.78,10.63
Feb-83,,8.39,8.65,8.92,9.64,9.91,10.26,10.56,10.72,11.03,10.88
Mar-83,,8.66,8.86,9.04,9.66,9.84,10.08,10.31,10.51,10.80,10.63
Apr-83,,8.51,8.78,8.98,9.57,9.76,10.02,10.29,10.40,10.63,10.48
May-83,,8.50,8.70,8.90,9.49,9.66,10.03,10.30,10.38,10.67,10.53
Jun-83,,9.14,9.44,9.66,10.18,10.32,10.63,10.83,10.85,11.12,10.93
Jul-83,,9.45,9.85,10.20,10.69,10.90,11.21,11.35,11.38,11.59,11.40
Aug-83,,9.74,10.16,10.53,11.07,11.30,11.63,11.77,11.85,11.96,11.82
Sep-83,,9.36,9.73,10.16,10.79,11.07,11.43,11.61,11.65,11.82,11.63
Oct-83,,8.99,9.39,9.81,10.57,10.87,11.28,11.47,11.54,11.77,11.58
Nov-83,,9.11,9.48,9.94,10.66,10.96,11.41,11.61,11.69,11.92,11.75
Dec-83,,9.36,9.76,10.11,10.84,11.13,11.54,11.78,11.83,12.02,11.88
Jan-84,,9.26,9.56,9.90,10.64,10.93,11.37,11.58,11.67,11.82,11.75
Feb-84,,9.46,9.77,10.04,10.79,11.05,11.54,11.75,11.84,12.00,11.95
Mar-84,,9.89,10.27,10.59,11.31,11.59,12.02,12.25,12.32,12.45,12.38
Apr-84,,10.07,10.47,10.90,11.69,11.98,12.37,12.56,12.63,12.65,12.65
May-84,,10.22,11.02,11.66,12.47,12.75,13.17,13.34,13.41,13.43,13.43
Jun-84,,10.26,11.24,12.08,12.91,13.18,13.48,13.56,13.56,13.54,13.44
Jul-84,,10.53,11.27,12.03,12.88,13.08,13.27,13.35,13.36,13.36,13.21
Aug-84,,10.90,11.37,11.82,12.43,12.50,12.68,12.75,12.72,12.71,12.54
Sep-84,,10.80,11.19,11.58,12.20,12.34,12.53,12.60,12.52,12.42,12.29
Oct-84,,10.12,10.52,10.90,11.60,11.85,12.06,12.16,12.16,12.04,11.98
Nov-84,,8.92,9.34,9.82,10.65,10.90,11.33,11.49,11.57,11.66,11.56
Dec-84,,8.34,8.76,9.33,10.18,10.56,11.07,11.45,11.50,11.64,11.52
Jan-85,,8.02,8.45,9.02,9.93,10.43,10.93,11.27,11.38,11.58,11.45
Feb-85,,8.56,8.87,9.29,10.17,10.55,11.13,11.44,11.51,11.70,11.47
Mar-85,,8.83,9.45,9.86,10.71,11.05,11.52,11.82,11.86,12.06,11.81
Apr-85,,8.22,8.71,9.14,10.09,10.49,11.01,11.34,11.43,11.69,11.47
May-85,,7.73,8.07,8.46,9.39,9.75,10.34,10.72,10.85,11.19,11.05
Jun-85,,7.18,7.46,7.80,8.69,9.05,9.60,10.08,10.16,10.57,10.45
Jul-85,,7.32,7.57,7.86,8.77,9.18,9.70,10.16,10.31,10.68,10.50
Aug-85,,7.37,7.71,8.05,8.94,9.31,9.81,10.20,10.33,10.73,10.56
Sep-85,,7.33,7.64,8.07,8.98,9.37,9.81,10.24,10.37,10.80,10.61
Oct-85,,7.40,7.71,8.01,8.86,9.25,9.69,10.11,10.24,10.67,10.50
Nov-85,,7.48,7.68,7.88,8.58,8.88,9.28,9.62,9.78,10.24,10.06
Dec-85,,7.33,7.50,7.67,8.15,8.40,8.73,9.11,9.26,9.75,9.54
Jan-86,,7.30,7.53,7.73,8.14,8.41,8.68,9.03,9.19,9.59,9.40
Feb-86,,7.29,7.47,7.61,7.97,8.10,8.34,8.58,8.70,9.08,8.93
Mar-86,,6.76,6.89,7.03,7.21,7.30,7.46,7.67,7.78,8.09,7.96
Apr-86,,6.24,6.36,6.44,6.70,6.86,7.05,7.16,7.30,7.50,7.39
May-86,,6.33,6.47,6.65,7.07,7.27,7.52,7.65,7.71,7.81,7.52
Jun-86,,6.40,6.56,6.73,7.18,7.41,7.64,7.75,7.80,7.69,7.57
Jul-86,,6.00,6.12,6.27,6.67,6.86,7.06,7.22,7.30,7.29,7.27
Aug-86,,5.69,5.79,5.93,6.33,6.49,6.80,7.01,7.17,7.28,7.33
Sep-86,,5.35,5.57,5.77,6.35,6.62,6.92,7.28,7.45,7.56,7.62
Oct-86,,5.32,5.48,5.72,6.28,6.56,6.83,7.24,7.43,7.61,7.70
Nov-86,,5.50,5.64,5.80,6.28,6.46,6.76,7.08,7.25,7.42,7.52
Dec-86,,5.68,5.78,5.87,6.27,6.43,6.67,6.97,7.11,7.28,7.37
Jan-87,,5.58,5.67,5.78,6.23,6.41,6.64,6.92,7.08,,7.39
Feb-87,,5.75,5.83,5.96,6.40,6.56,6.79,7.06,7.25,,7.54
Mar-87,,5.77,5.86,6.03,6.42,6.58,6.79,7.06,7.25,,7.55
Apr-87,,5.82,6.19,6.50,7.02,7.32,7.57,7.83,8.02,,8.25
May-87,,5.85,6.35,7.00,7.76,8.02,8.26,8.47,8.61,,8.78
Jun-87,,5.85,6.28,6.80,7.57,7.82,8.02,8.27,8.40,,8.57
Jul-87,,5.88,6.05,6.68,7.44,7.74,8.01,8.27,8.45,,8.64
Aug-87,,6.23,6.46,7.03,7.75,8.03,8.32,8.59,8.76,,8.97
Sep-87,,6.62,6.99,7.67,8.34,8.67,8.94,9.26,9.42,,9.59
Oct-87,,6.35,7.04,7.59,8.40,8.75,9.08,9.37,9.52,,9.61
Nov-87,,5.89,6.50,6.96,7.69,7.99,8.35,8.69,8.86,,8.95
Dec-87,,5.96,6.68,7.17,7.86,8.13,8.45,8.82,8.99,,9.12
Jan-88,,6.00,6.56,6.99,7.63,7.87,8.18,8.48,8.67,,8.83
Feb-88,,5.84,6.21,6.64,7.18,7.38,7.71,8.02,8.21,,8.43
Mar-88,,5.87,6.18,6.71,7.27,7.50,7.83,8.19,8.37,,8.63
Apr-88,,6.08,6.50,7.01,7.59,7.83,8.19,8.52,8.72,,8.95
May-88,,6.45,6.89,7.40,8.00,8.24,8.58,8.89,9.09,,9.23
Jun-88,,6.66,7.04,7.49,8.03,8.22,8.49,8.78,8.92,,9.00
Jul-88,,6.95,7.35,7.75,8.28,8.44,8.66,8.91,9.06,,9.14
Aug-88,,7.30,7.79,8.17,8.63,8.77,8.94,9.13,9.26,,9.32
Sep-88,,7.48,7.82,8.09,8.46,8.57,8.69,8.87,8.98,,9.06
Oct-88,,7.60,7.90,8.11,8.35,8.43,8.51,8.69,8.80,,8.89
Nov-88,,8.03,8.30,8.48,8.67,8.72,8.79,8.89,8.96,,9.02
Dec-88,,8.35,8.70,8.99,9.09,9.11,9.09,9.13,9.11,,9.01
Jan-89,,8.56,8.85,9.05,9.18,9.20,9.15,9.14,9.09,,8.93
Feb-89,,8.84,9.05,9.25,9.37,9.32,9.27,9.23,9.17,,9.01
Mar-89,,9.14,9.39,9.57,9.68,9.61,9.51,9.43,9.36,,9.17
Apr-89,,8.96,9.17,9.36,9.45,9.40,9.30,9.24,9.18,,9.03
May-89,,8.74,8.91,8.98,9.02,8.98,8.91,8.88,8.86,,8.83
Jun-89,,8.43,8.38,8.44,8.41,8.37,8.29,8.31,8.28,,8.27
Jul-89,,8.15,8.01,7.89,7.82,7.83,7.83,7.94,8.02,,8.08
Aug-89,,8.17,8.17,8.18,8.14,8.13,8.09,8.11,8.11,,8.12
Sep-89,,8.01,8.16,8.22,8.28,8.26,8.17,8.23,8.19,,8.15
Oct-89,,7.90,8.03,7.99,7.98,8.02,7.97,8.03,8.01,,8.00
Nov-89,,7.94,7.89,7.77,7.80,7.80,7.81,7.86,7.87,,7.90
Dec-89,,7.88,7.81,7.72,7.78,7.77,7.75,7.85,7.84,,7.90
Jan-90,,7.90,7.96,7.92,8.09,8.13,8.12,8.20,8.21,,8.26
Feb-90,,8.00,8.12,8.11,8.37,8.39,8.42,8.48,8.47,,8.50
Mar-90,,8.17,8.28,8.35,8.63,8.63,8.60,8.65,8.59,,8.56
Apr-90,,8.04,8.27,8.40,8.72,8.78,8.77,8.81,8.79,,8.76
May-90,,8.01,8.19,8.32,8.64,8.69,8.74,8.78,8.76,,8.73
Jun-90,,7.99,8.05,8.10,8.35,8.40,8.43,8.52,8.48,,8.46
Jul-90,,7.87,7.92,7.94,8.16,8.26,8.33,8.46,8.47,,8.50
Aug-90,,7.69,7.77,7.78,8.06,8.22,8.44,8.64,8.75,,8.86
Sep-90,,7.60,7.70,7.76,8.08,8.27,8.51,8.79,8.89,,9.03
Oct-90,,7.40,7.53,7.55,7.88,8.07,8.33,8.59,8.72,,8.86
Nov-90,,7.29,7.39,7.31,7.60,7.74,8.02,8.28,8.39,,8.54
Dec-90,,6.95,7.03,7.05,7.31,7.47,7.73,8.00,8.08,,8.24
Jan-91,,6.41,6.58,6.64,7.13,7.38,7.70,7.97,8.09,,8.27
Feb-91,,6.12,6.19,6.27,6.87,7.08,7.47,7.73,7.85,,8.03
Mar-91,,6.09,6.20,6.40,7.10,7.35,7.77,8.00,8.11,,8.29
Apr-91,,5.83,5.98,6.24,6.95,7.23,7.70,7.92,8.04,,8.21
May-91,,5.63,5.87,6.13,6.78,7.12,7.70,7.94,8.07,,8.27
Jun-91,,5.75,6.02,6.36,6.96,7.39,7.94,8.17,8.28,,8.47
Jul-91,,5.75,5.97,6.31,6.92,7.38,7.91,8.15,8.27,,8.45
Aug-91,,5.50,5.63,5.78,6.43,6.80,7.43,7.74,7.90,,8.14
Sep-91,,5.37,5.48,5.57,6.18,6.50,7.14,7.48,7.65,,7.95
Oct-91,,5.14,5.26,5.33,5.91,6.23,6.87,7.25,7.53,,7.93
Nov-91,,4.69,4.80,4.89,5.56,5.90,6.62,7.06,7.42,,7.92
Dec-91,,4.18,4.26,4.38,5.03,5.39,6.19,6.69,7.09,,7.70
Jan-92,,3.91,4.01,4.15,4.96,5.40,6.24,6.70,7.03,,7.58
Feb-92,,3.95,4.08,4.29,5.21,5.72,6.58,6.96,7.34,,7.85
Mar-92,,4.14,4.33,4.63,5.69,6.18,6.95,7.26,7.54,,7.97
Apr-92,,3.84,4.00,4.30,5.34,5.93,6.78,7.15,7.48,,7.96
May-92,,3.72,3.88,4.19,5.23,5.81,6.69,7.06,7.39,,7.89
Jun-92,,3.75,3.90,4.17,5.05,5.60,6.48,6.90,7.26,,7.84
Jul-92,,3.28,3.38,3.60,4.36,4.91,5.84,6.36,6.84,,7.60
Aug-92,,3.20,3.31,3.47,4.19,4.72,5.60,6.12,6.59,,7.39
Sep-92,,2.97,3.04,3.18,3.89,4.42,5.38,5.96,6.42,,7.34
Oct-92,,2.93,3.13,3.30,4.08,4.64,5.60,6.15,6.59,,7.53
Nov-92,,3.21,3.44,3.68,4.58,5.14,6.04,6.49,6.87,,7.61
Dec-92,,3.29,3.47,3.71,4.67,5.21,6.08,6.46,6.77,,7.44
Jan-93,,3.07,3.24,3.50,4.39,4.93,5.83,6.26,6.60,,7.34
Feb-93,,2.99,3.16,3.39,4.10,4.58,5.43,5.87,6.26,,7.09
Mar-93,,3.01,3.15,3.33,3.95,4.40,5.19,5.66,5.98,,6.82
Apr-93,,2.93,3.06,3.24,3.84,4.30,5.13,5.59,5.97,,6.85
May-93,,3.03,3.17,3.36,3.98,4.40,5.20,5.66,6.04,,6.92
Jun-93,,3.14,3.29,3.54,4.16,4.53,5.22,5.61,5.96,,6.81
Jul-93,,3.11,3.26,3.47,4.07,4.43,5.09,5.48,5.81,,6.63
Aug-93,,3.09,3.24,3.44,4.00,4.36,5.03,5.35,5.68,,6.32
Sep-93,,3.01,3.15,3.36,3.85,4.17,4.73,5.08,5.36,,6.00
Oct-93,,3.09,3.22,3.39,3.87,4.18,4.71,5.05,5.33,6.07,5.94
Nov-93,,3.18,3.36,3.58,4.16,4.50,5.06,5.45,5.72,6.38,6.21
Dec-93,,3.13,3.34,3.61,4.21,4.54,5.15,5.48,5.77,6.40,6.25
Jan-94,,3.04,3.25,3.54,4.14,4.48,5.09,5.43,5.75,6.39,6.29
Feb-94,,3.33,3.53,3.87,4.47,4.83,5.40,5.72,5.97,6.57,6.49
Mar-94,,3.59,3.92,4.32,5.00,5.40,5.94,6.28,6.48,7.00,6.91
Apr-94,,3.78,4.25,4.82,5.55,5.99,6.52,6.80,6.97,7.40,7.27
May-94,,4.27,4.79,5.31,5.97,6.34,6.78,7.01,7.18,7.54,7.41
Jun-94,,4.25,4.72,5.27,5.93,6.27,6.70,6.91,7.10,7.51,7.40
Jul-94,,4.46,4.95,5.48,6.13,6.48,6.91,7.12,7.30,7.67,7.58
Aug-94,,4.61,5.08,5.56,6.18,6.50,6.88,7.06,7.24,7.62,7.49
Sep-94,,4.75,5.24,5.76,6.39,6.69,7.08,7.28,7.46,7.87,7.71
Oct-94,,5.10,5.62,6.11,6.73,7.04,7.40,7.58,7.74,8.08,7.94
Nov-94,,5.45,5.98,6.54,7.15,7.44,7.72,7.83,7.96,8.20,8.08
Dec-94,,5.76,6.50,7.14,7.59,7.71,7.78,7.80,7.81,7.99,7.87
Jan-95,,5.90,6.51,7.05,7.51,7.66,7.76,7.79,7.78,7.97,7.85
Feb-95,,5.94,6.31,6.70,7.11,7.25,7.37,7.44,7.47,7.73,7.61
Mar-95,,5.91,6.17,6.43,6.78,6.89,7.05,7.14,7.20,7.57,7.45
Apr-95,,5.84,6.05,6.27,6.57,6.68,6.86,6.95,7.06,7.45,7.36
May-95,,5.85,5.93,6.00,6.17,6.27,6.41,6.50,6.63,7.01,6.95
Jun-95,,5.64,5.66,5.64,5.72,5.80,5.93,6.05,6.17,6.59,6.57
Jul-95,,5.59,5.62,5.59,5.78,5.89,6.01,6.20,6.28,6.74,6.72
Aug-95,,5.57,5.65,5.75,5.98,6.10,6.24,6.41,6.49,6.92,6.86
Sep-95,,5.43,5.54,5.62,5.81,5.89,6.00,6.13,6.20,6.65,6.55
Oct-95,,5.44,5.56,5.59,5.70,5.77,5.86,5.97,6.04,6.45,6.37
Nov-95,,5.52,5.51,5.43,5.48,5.57,5.69,5.83,5.93,6.33,6.26
Dec-95,,5.29,5.35,5.31,5.32,5.39,5.51,5.63,5.71,6.12,6.06
Jan-96,,5.15,5.13,5.09,5.11,5.20,5.36,5.54,5.65,6.11,6.05
Feb-96,,4.96,4.97,4.94,5.03,5.14,5.38,5.64,5.81,6.30,6.24
Mar-96,,5.10,5.16,5.34,5.66,5.79,5.97,6.19,6.27,6.74,6.60
Apr-96,,5.09,5.27,5.54,5.96,6.11,6.30,6.48,6.51,6.98,6.79
May-96,,5.15,5.33,5.64,6.10,6.27,6.48,6.66,6.74,7.11,6.93
Jun-96,,5.23,5.46,5.81,6.30,6.49,6.69,6.83,6.91,7.22,7.06
Jul-96,,5.30,5.52,5.85,6.27,6.45,6.64,6.76,6.87,7.14,7.03
Aug-96,,5.19,5.34,5.67,6.03,6.21,6.39,6.52,6.64,6.97,6.84
Sep-96,,5.24,5.45,5.83,6.23,6.41,6.60,6.73,6.83,7.17,7.03
Oct-96,,5.12,5.32,5.55,5.91,6.08,6.27,6.42,6.53,6.90,6.81
Nov-96,,5.17,5.27,5.42,5.70,5.82,5.97,6.10,6.20,6.58,6.48
Dec-96,,5.04,5.24,5.47,5.78,5.91,6.07,6.20,6.30,6.65,6.55
Jan-97,,5.17,5.31,5.61,6.01,6.16,6.33,6.47,6.58,6.91,6.83
Feb-97,,5.14,5.27,5.53,5.90,6.03,6.20,6.32,6.42,6.77,6.69
Mar-97,,5.28,5.48,5.80,6.22,6.38,6.54,6.65,6.69,7.05,6.93
Apr-97,,5.30,5.60,5.99,6.45,6.61,6.76,6.86,6.89,7.20,7.09
May-97,,5.20,5.53,5.87,6.28,6.42,6.57,6.66,6.71,7.02,6.94
Jun-97,,5.07,5.34,5.69,6.09,6.24,6.38,6.46,6.49,6.84,6.77
Jul-97,,5.19,5.33,5.54,5.89,6.00,6.12,6.20,6.22,6.56,6.51
Aug-97,,5.28,5.40,5.56,5.94,6.06,6.16,6.29,6.30,6.65,6.58
Sep-97,,5.08,5.30,5.52,5.88,5.98,6.11,6.20,6.21,6.56,6.50
Oct-97,,5.11,5.30,5.46,5.77,5.84,5.93,6.05,6.03,6.38,6.33
Nov-97,,5.28,5.38,5.46,5.71,5.76,5.80,5.90,5.88,6.20,6.11
Dec-97,,5.30,5.45,5.53,5.72,5.74,5.77,5.83,5.81,6.07,5.99
Jan-98,,5.18,5.23,5.24,5.36,5.38,5.42,5.53,5.54,5.88,5.81
Feb-98,,5.23,5.27,5.31,5.42,5.43,5.49,5.60,5.57,5.96,5.89
Mar-98,,5.16,5.25,5.39,5.56,5.57,5.61,5.71,5.65,6.01,5.95
Apr-98,,5.08,5.26,5.38,5.56,5.58,5.61,5.70,5.64,6.00,5.92
May-98,,5.14,5.36,5.44,5.59,5.61,5.63,5.72,5.65,6.01,5.93
Jun-98,,5.12,5.32,5.41,5.52,5.52,5.52,5.56,5.50,5.80,5.70
Jul-98,,5.09,5.23,5.36,5.46,5.47,5.46,5.52,5.46,5.78,5.68
Aug-98,,5.04,5.15,5.21,5.27,5.24,5.27,5.36,5.34,5.66,5.54
Sep-98,,4.74,4.81,4.71,4.67,4.62,4.62,4.76,4.81,5.38,5.20
Oct-98,,4.07,4.20,4.12,4.09,4.18,4.18,4.46,4.53,5.30,5.01
Nov-98,,4.53,4.59,4.53,4.54,4.57,4.54,4.78,4.83,5.48,5.25
Dec-98,,4.50,4.57,4.52,4.51,4.48,4.45,4.65,4.65,5.36,5.06
Jan-99,,4.45,4.49,4.51,4.62,4.61,4.60,4.80,4.72,5.45,5.16
Feb-99,,4.56,4.61,4.70,4.88,4.90,4.91,5.10,5.00,5.66,5.37
Mar-99,,4.57,4.65,4.78,5.05,5.11,5.14,5.36,5.23,5.87,5.58
Apr-99,,4.41,4.54,4.69,4.98,5.03,5.08,5.28,5.18,5.82,5.55
May-99,,4.63,4.75,4.85,5.25,5.33,5.44,5.64,5.54,6.08,5.81
Jun-99,,4.72,5.03,5.10,5.62,5.70,5.81,6.05,5.90,6.36,6.04
Jul-99,,4.69,4.75,5.03,5.55,5.62,5.68,5.94,5.79,6.28,5.98
Aug-99,,4.87,5.09,5.20,5.68,5.77,5.84,6.15,5.94,6.43,6.07
Sep-99,,4.82,5.08,5.25,5.66,5.75,5.80,6.12,5.92,6.50,6.07
Oct-99,,5.02,5.20,5.43,5.86,5.94,6.03,6.33,6.11,6.66,6.26
Nov-99,,5.23,5.43,5.55,5.86,5.92,5.97,6.17,6.03,6.48,6.15
Dec-99,,5.36,5.68,5.84,6.10,6.14,6.19,6.38,6.28,6.69,6.35
Jan-00,,5.50,5.76,6.12,6.44,6.49,6.58,6.70,6.66,6.86,6.63
Feb-00,,5.73,6.00,6.22,6.61,6.65,6.68,6.72,6.52,6.54,6.23
Mar-00,,5.86,6.11,6.22,6.53,6.53,6.50,6.51,6.26,6.38,6.05
Apr-00,,5.82,6.07,6.15,6.40,6.36,6.26,6.27,5.99,6.18,5.85
May-00,,5.99,6.39,6.33,6.81,6.77,6.69,6.69,6.44,6.55,6.15
Jun-00,,5.86,6.24,6.17,6.48,6.43,6.30,6.33,6.10,6.28,5.93
Jul-00,,6.14,6.27,6.08,6.34,6.28,6.18,6.22,6.05,6.20,5.85
Aug-00,,6.28,6.35,6.18,6.23,6.17,6.06,6.05,5.83,6.02,5.72
Sep-00,,6.18,6.25,6.13,6.08,6.02,5.93,5.98,5.80,6.09,5.83
Oct-00,,6.29,6.32,6.01,5.91,5.85,5.78,5.84,5.74,6.04,5.80
Nov-00,,6.36,6.34,6.09,5.88,5.79,5.70,5.78,5.72,5.98,5.78
Dec-00,,5.94,5.92,5.60,5.35,5.26,5.17,5.28,5.24,5.64,5.49
Jan-01,,5.29,5.15,4.81,4.76,4.77,4.86,5.13,5.16,5.65,5.54
Feb-01,,5.01,4.89,4.68,4.66,4.71,4.89,5.10,5.10,5.62,5.45
Mar-01,,4.54,4.44,4.30,4.34,4.43,4.64,4.88,4.89,5.49,5.34
Apr-01,,3.97,3.99,3.98,4.23,4.42,4.76,5.03,5.14,5.78,5.65
May-01,,3.70,3.74,3.78,4.26,4.51,4.93,5.24,5.39,5.92,5.78
Jun-01,,3.57,3.56,3.58,4.08,4.35,4.81,5.14,5.28,5.82,5.67
Jul-01,3.67,3.59,3.56,3.62,4.04,4.31,4.76,5.06,5.24,5.75,5.61
Aug-01,3.53,3.44,3.39,3.47,3.76,4.04,4.57,4.84,4.97,5.58,5.48
Sep-01,2.68,2.69,2.71,2.82,3.12,3.45,4.12,4.51,4.73,5.53,5.48
Oct-01,2.27,2.20,2.17,2.33,2.73,3.14,3.91,4.31,4.57,5.34,5.32
Nov-01,1.99,1.91,1.92,2.18,2.78,3.22,3.97,4.42,4.65,5.33,5.12
Dec-01,1.72,1.72,1.82,2.22,3.11,3.62,4.39,4.86,5.09,5.76,5.48
Jan-02,1.68,1.68,1.77,2.16,3.03,3.56,4.34,4.79,5.04,5.69,5.45
Feb-02,1.74,1.76,1.86,2.23,3.02,3.55,4.30,4.71,4.91,5.61,5.40
Mar-02,1.79,1.83,2.06,2.57,3.56,4.14,4.74,5.14,5.28,5.93,
Apr-02,1.72,1.75,1.98,2.48,3.42,4.01,4.65,5.02,5.21,5.85,
May-02,1.74,1.76,1.91,2.35,3.26,3.80,4.49,4.90,5.16,5.81,
Jun-02,1.72,1.73,1.83,2.20,2.99,3.49,4.19,4.60,4.93,5.65,
Jul-02,1.72,1.71,1.74,1.96,2.56,3.01,3.81,4.30,4.65,5.51,
Aug-02,1.68,1.65,1.64,1.76,2.13,2.52,3.29,3.88,4.26,5.19,
Sep-02,1.67,1.66,1.64,1.72,2.00,2.32,2.94,3.50,3.87,4.87,
Oct-02,1.62,1.61,1.59,1.65,1.91,2.25,2.95,3.54,3.94,5.00,
Nov-02,1.26,1.25,1.30,1.49,1.92,2.32,3.05,3.64,4.05,5.04,
Dec-02,1.20,1.21,1.27,1.45,1.84,2.23,3.03,3.63,4.03,5.01,
Jan-03,1.17,1.19,1.22,1.36,1.74,2.18,3.05,3.60,4.05,5.02,
Feb-03,1.20,1.19,1.20,1.30,1.63,2.05,2.90,3.45,3.90,4.87,
Mar-03,1.18,1.15,1.16,1.24,1.57,1.98,2.78,3.34,3.81,4.82,
Apr-03,1.16,1.15,1.17,1.27,1.62,2.06,2.93,3.47,3.96,4.91,
May-03,1.08,1.09,1.11,1.18,1.42,1.75,2.52,3.07,3.57,4.52,
Jun-03,0.97,0.94,0.94,1.01,1.23,1.51,2.27,2.84,3.33,4.34,
Jul-03,0.90,0.92,0.97,1.12,1.47,1.93,2.87,3.45,3.98,4.92,
Aug-03,0.95,0.97,1.05,1.31,1.86,2.44,3.37,3.96,4.45,5.39,
Sep-03,0.91,0.96,1.03,1.24,1.71,2.23,3.18,3.74,4.27,5.21,
Oct-03,0.91,0.94,1.02,1.25,1.75,2.26,3.19,3.75,4.29,5.21,
Nov-03,0.94,0.95,1.04,1.34,1.93,2.45,3.29,3.81,4.30,5.17,
Dec-03,0.89,0.91,1.01,1.31,1.91,2.44,3.27,3.79,4.27,5.11,
Jan-04,0.85,0.90,0.99,1.24,1.76,2.27,3.12,3.65,4.15,5.01,
Feb-04,0.92,0.94,1.01,1.24,1.74,2.25,3.07,3.59,4.08,4.94,
Mar-04,0.96,0.95,1.01,1.19,1.58,2.00,2.79,3.31,3.83,4.72,
Apr-04,0.91,0.96,1.11,1.43,2.07,2.57,3.39,3.89,4.35,5.16,
May-04,0.91,1.04,1.33,1.78,2.53,3.10,3.85,4.31,4.72,5.46,
Jun-04,1.05,1.29,1.64,2.12,2.76,3.26,3.93,4.35,4.73,5.45,
Jul-04,1.19,1.36,1.70,2.10,2.64,3.05,3.69,4.11,4.50,5.24,
Aug-04,1.37,1.50,1.76,2.02,2.51,2.88,3.47,3.90,4.28,5.07,
Sep-04,1.55,1.68,1.91,2.12,2.53,2.83,3.36,3.75,4.13,4.89,
Oct-04,1.63,1.79,2.05,2.23,2.58,2.85,3.35,3.75,4.10,4.85,
Nov-04,1.92,2.11,2.32,2.50,2.85,3.09,3.53,3.88,4.19,4.89,
Dec-04,1.96,2.22,2.50,2.67,3.01,3.21,3.60,3.93,4.23,4.88,
Jan-05,2.05,2.37,2.68,2.86,3.22,3.39,3.71,3.97,4.22,4.77,
Feb-05,2.36,2.58,2.85,3.03,3.38,3.54,3.77,3.97,4.17,4.61,
Mar-05,2.65,2.80,3.09,3.30,3.73,3.91,4.17,4.33,4.50,4.89,
Apr-05,2.64,2.84,3.14,3.32,3.65,3.79,4.00,4.16,4.34,4.75,
May-05,2.65,2.90,3.17,3.33,3.64,3.72,3.85,3.94,4.14,4.56,
Jun-05,2.83,3.04,3.22,3.36,3.64,3.69,3.77,3.86,4.00,4.35,
Jul-05,3.10,3.29,3.53,3.64,3.87,3.91,3.98,4.06,4.18,4.48,
Aug-05,3.34,3.52,3.78,3.87,4.04,4.08,4.12,4.18,4.26,4.53,
Sep-05,3.23,3.49,3.79,3.85,3.95,3.96,4.01,4.08,4.20,4.51,
Oct-05,3.51,3.79,4.13,4.18,4.27,4.29,4.33,4.38,4.46,4.74,
Nov-05,3.91,3.97,4.30,4.33,4.42,4.43,4.45,4.48,4.54,4.83,
Dec-05,3.69,3.97,4.33,4.35,4.40,4.39,4.39,4.41,4.47,4.73,
Jan-06,4.12,4.34,4.47,4.45,4.40,4.35,4.35,4.37,4.42,4.65,
Feb-06,4.38,4.54,4.69,4.68,4.67,4.64,4.57,4.56,4.57,4.73,4.54
Mar-06,4.55,4.63,4.79,4.77,4.73,4.74,4.72,4.71,4.72,4.91,4.73
Apr-06,4.61,4.72,4.90,4.90,4.89,4.89,4.90,4.94,4.99,5.22,5.06
May-06,4.70,4.84,5.01,5.00,4.97,4.97,5.00,5.03,5.11,5.35,5.20
Jun-06,4.71,4.92,5.17,5.16,5.12,5.09,5.07,5.08,5.11,5.29,5.15
Jul-06,4.90,5.08,5.27,5.22,5.12,5.07,5.04,5.05,5.09,5.25,5.13
Aug-06,5.16,5.09,5.17,5.08,4.90,4.85,4.82,4.83,4.88,5.08,5.00
Sep-06,4.77,4.93,5.08,4.97,4.77,4.69,4.67,4.68,4.72,4.93,4.85
Oct-06,4.97,5.05,5.12,5.01,4.80,4.72,4.69,4.69,4.73,4.94,4.85
Nov-06,5.21,5.07,5.15,5.01,4.74,4.64,4.58,4.58,4.60,4.78,4.69
Dec-06,4.87,4.97,5.07,4.94,4.67,4.58,4.53,4.54,4.56,4.78,4.68
Jan-07,4.94,5.11,5.15,5.06,4.88,4.79,4.75,4.75,4.76,4.95,4.85
Feb-07,5.18,5.16,5.16,5.05,4.85,4.75,4.71,4.71,4.72,4.93,4.82
Mar-07,5.21,5.08,5.10,4.92,4.57,4.51,4.48,4.50,4.56,4.81,4.72
Apr-07,4.99,5.01,5.07,4.93,4.67,4.60,4.59,4.62,4.69,4.95,4.87
May-07,4.82,4.87,4.98,4.91,4.77,4.69,4.67,4.69,4.75,4.98,4.90
Jun-07,4.52,4.74,4.95,4.96,4.98,5.00,5.03,5.05,5.10,5.29,5.20
Jul-07,4.82,4.96,5.04,4.96,4.82,4.82,4.88,4.93,5.00,5.19,5.11
Aug-07,4.20,4.32,4.55,4.47,4.31,4.34,4.43,4.53,4.67,5.00,4.93
Sep-07,3.78,3.99,4.20,4.14,4.01,4.06,4.20,4.33,4.52,4.84,4.79
Oct-07,3.81,4.00,4.16,4.10,3.97,4.01,4.20,4.33,4.53,4.83,4.77
Nov-07,3.68,3.35,3.58,3.50,3.34,3.35,3.67,3.87,4.15,4.56,4.52
Dec-07,2.86,3.07,3.34,3.26,3.12,3.13,3.49,3.74,4.10,4.57,4.53
Jan-08,2.74,2.82,2.84,2.71,2.48,2.51,2.98,3.31,3.74,4.35,4.33
Feb-08,2.27,2.17,2.10,2.05,1.97,2.19,2.78,3.21,3.74,4.49,4.52
Mar-08,1.35,1.28,1.51,1.54,1.62,1.80,2.48,2.93,3.51,4.36,4.39
Apr-08,1.07,1.31,1.58,1.74,2.05,2.23,2.84,3.19,3.68,4.44,4.44
May-08,1.76,1.76,1.86,2.06,2.45,2.69,3.15,3.46,3.88,4.60,4.60
Jun-08,1.72,1.89,2.19,2.42,2.77,3.08,3.49,3.73,4.10,4.74,4.69
Jul-08,1.60,1.66,1.98,2.28,2.57,2.87,3.30,3.60,4.01,4.62,4.57
Aug-08,1.68,1.75,1.97,2.18,2.42,2.70,3.14,3.46,3.89,4.53,4.50
Sep-08,0.89,1.15,1.64,1.91,2.08,2.32,2.88,3.25,3.69,4.32,4.27
Oct-08,0.29,0.69,1.23,1.42,1.61,1.86,2.73,3.19,3.81,4.45,4.17
Nov-08,0.09,0.19,0.74,1.07,1.21,1.51,2.29,2.82,3.53,4.27,4.00
Dec-08,0.03,0.03,0.26,0.49,0.82,1.07,1.52,1.89,2.42,3.18,2.87
Jan-09,0.05,0.13,0.30,0.44,0.81,1.13,1.60,1.98,2.52,3.46,3.13
Feb-09,0.22,0.30,0.46,0.62,0.98,1.37,1.87,2.30,2.87,3.83,3.59
Mar-09,0.10,0.22,0.43,0.64,0.93,1.31,1.82,2.42,2.82,3.78,3.64
Apr-09,0.10,0.16,0.35,0.55,0.93,1.32,1.86,2.47,2.93,3.84,3.76
May-09,0.14,0.18,0.30,0.50,0.93,1.39,2.13,2.81,3.29,4.22,4.23
Jun-09,0.10,0.18,0.31,0.51,1.18,1.76,2.71,3.37,3.72,4.51,4.52
Jul-09,0.15,0.18,0.28,0.48,1.02,1.55,2.46,3.14,3.56,4.38,4.41
Aug-09,0.12,0.17,0.27,0.46,1.12,1.65,2.57,3.21,3.59,4.33,4.37
Sep-09,0.06,0.12,0.21,0.40,0.96,1.48,2.37,3.02,3.40,4.14,4.19
Oct-09,0.04,0.07,0.16,0.37,0.95,1.46,2.33,2.96,3.39,4.16,4.19
Nov-09,0.05,0.05,0.15,0.31,0.80,1.32,2.23,2.92,3.40,4.24,4.31
Dec-09,0.03,0.05,0.17,0.37,0.87,1.38,2.34,3.07,3.59,4.40,4.49
Jan-10,0.02,0.06,0.15,0.35,0.93,1.49,2.48,3.21,3.73,4.50,4.60
Feb-10,0.06,0.11,0.18,0.35,0.86,1.40,2.36,3.12,3.69,4.48,4.62
Mar-10,0.12,0.15,0.23,0.40,0.96,1.51,2.43,3.16,3.73,4.49,4.64
Apr-10,0.15,0.16,0.24,0.45,1.06,1.64,2.58,3.28,3.85,4.53,4.69
May-10,0.15,0.16,0.22,0.37,0.83,1.32,2.18,2.86,3.42,4.11,4.29
Jun-10,0.08,0.12,0.19,0.32,0.72,1.17,2.00,2.66,3.20,3.95,4.13
Jul-10,0.16,0.16,0.20,0.29,0.62,0.98,1.76,2.43,3.01,3.80,3.99
Aug-10,0.15,0.16,0.19,0.26,0.52,0.78,1.47,2.10,2.70,3.52,3.80
Sep-10,0.12,0.15,0.19,0.26,0.48,0.74,1.41,2.05,2.65,3.47,3.77
Oct-10,0.14,0.13,0.18,0.23,0.38,0.57,1.18,1.85,2.54,3.52,3.87
Nov-10,0.13,0.14,0.18,0.25,0.45,0.67,1.35,2.02,2.76,3.82,4.19
Dec-10,0.09,0.14,0.19,0.29,0.62,0.99,1.93,2.66,3.29,4.17,4.42
Jan-11,0.14,0.15,0.18,0.27,0.61,1.03,1.99,2.72,3.39,4.28,4.52
Feb-11,0.11,0.13,0.17,0.29,0.77,1.28,2.26,2.96,3.58,4.42,4.65
Mar-11,0.06,0.10,0.16,0.26,0.70,1.17,2.11,2.80,3.41,4.27,4.51
Apr-11,0.03,0.06,0.12,0.25,0.73,1.21,2.17,2.84,3.46,4.28,4.50
May-11,0.02,0.04,0.09,0.19,0.56,0.94,1.84,2.51,3.17,4.01,4.29
Jun-11,0.02,0.04,0.10,0.18,0.41,0.71,1.58,2.29,3.00,3.91,4.23
Jul-11,0.04,0.04,0.08,0.19,0.41,0.68,1.54,2.28,3.00,3.95,4.27
Aug-11,0.02,0.02,0.06,0.11,0.23,0.38,1.02,1.63,2.30,3.24,3.65
Sep-11,0.01,0.01,0.04,0.10,0.21,0.35,0.90,1.42,1.98,2.83,3.18
Oct-11,0.01,0.02,0.05,0.11,0.28,0.47,1.06,1.62,2.15,2.87,3.13
Nov-11,0.01,0.01,0.05,0.11,0.25,0.39,0.91,1.45,2.01,2.72,3.02
Dec-11,0.00,0.01,0.05,0.12,0.26,0.39,0.89,1.43,1.98,2.67,2.98
Jan-12,0.02,0.03,0.07,0.12,0.24,0.36,0.84,1.38,1.97,2.70,3.03
Feb-12,0.06,0.09,0.12,0.16,0.28,0.38,0.83,1.37,1.97,2.75,3.11
Mar-12,0.06,0.08,0.14,0.19,0.34,0.51,1.02,1.56,2.17,2.94,3.28
Apr-12,0.07,0.08,0.14,0.18,0.29,0.43,0.89,1.43,2.05,2.82,3.18
May-12,0.07,0.09,0.15,0.19,0.29,0.39,0.76,1.21,1.80,2.53,2.93
Jun-12,0.05,0.09,0.15,0.19,0.29,0.39,0.71,1.08,1.62,2.31,2.70
Jul-12,0.07,0.10,0.15,0.19,0.25,0.33,0.62,0.98,1.53,2.22,2.59
Aug-12,0.09,0.10,0.14,0.18,0.27,0.37,0.71,1.14,1.68,2.40,2.77
Sep-12,0.08,0.11,0.14,0.18,0.26,0.34,0.67,1.12,1.72,2.49,2.88
Oct-12,0.11,0.10,0.15,0.18,0.28,0.37,0.71,1.15,1.75,2.51,2.90
Nov-12,0.12,0.09,0.14,0.18,0.27,0.36,0.67,1.08,1.65,2.39,2.80
Dec-12,0.04,0.07,0.12,0.16,0.26,0.35,0.70,1.13,1.72,2.47,2.88
Jan-13,0.05,0.07,0.11,0.15,0.27,0.39,0.81,1.30,1.91,2.68,3.08
Feb-13,0.08,0.10,0.12,0.16,0.27,0.40,0.85,1.35,1.98,2.78,3.17
Mar-13,0.08,0.09,0.11,0.15,0.26,0.39,0.82,1.32,1.96,2.78,3.16
Apr-13,0.05,0.06,0.09,0.12,0.23,0.34,0.71,1.15,1.76,2.55,2.93
May-13,0.02,0.04,0.08,0.12,0.25,0.40,0.84,1.31,1.93,2.73,3.11
Jun-13,0.03,0.05,0.09,0.14,0.33,0.58,1.20,1.71,2.30,3.07,3.40
Jul-13,0.02,0.04,0.07,0.12,0.34,0.64,1.40,1.99,2.58,3.31,3.61
Aug-13,0.04,0.04,0.07,0.13,0.36,0.70,1.52,2.15,2.74,3.49,3.76
Sep-13,0.02,0.02,0.04,0.12,0.40,0.78,1.60,2.22,2.81,3.53,3.79
Oct-13,0.11,0.05,0.08,0.12,0.34,0.63,1.37,1.99,2.62,3.38,3.68
Nov-13,0.05,0.07,0.10,0.12,0.30,0.58,1.37,2.07,2.72,3.50,3.80
Dec-13,0.02,0.07,0.10,0.13,0.34,0.69,1.58,2.29,2.90,3.63,3.89
Jan-14,0.02,0.04,0.07,0.12,0.39,0.78,1.65,2.29,2.86,3.52,3.77
Feb-14,0.05,0.05,0.08,0.12,0.33,0.69,1.52,2.15,2.71,3.38,3.66
Mar-14,0.05,0.05,0.08,0.13,0.40,0.82,1.64,2.23,2.72,3.35,3.62
Apr-14,0.02,0.03,0.05,0.11,0.42,0.88,1.70,2.27,2.71,3.27,3.52
May-14,0.03,0.03,0.05,0.10,0.39,0.83,1.59,2.12,2.56,3.12,3.39
Jun-14,0.02,0.04,0.06,0.10,0.45,0.90,1.68,2.19,2.60,3.15,3.42
Jul-14,0.02,0.03,0.06,0.11,0.51,0.97,1.70,2.17,2.54,3.07,3.33
Aug-14,0.03,0.03,0.05,0.11,0.47,0.93,1.63,2.08,2.42,2.94,3.20
Sep-14,0.01,0.02,0.04,0.11,0.57,1.05,1.77,2.22,2.53,3.01,3.26
Oct-14,0.02,0.02,0.05,0.10,0.45,0.88,1.55,1.98,2.30,2.77,3.04
Nov-14,0.04,0.02,0.07,0.13,0.53,0.96,1.62,2.03,2.33,2.76,3.04
Dec-14,0.03,0.03,0.11,0.21,0.64,1.06,1.64,1.98,2.21,2.55,2.83
Jan-15,0.02,0.03,0.08,0.20,0.55,0.90,1.37,1.67,1.88,2.20,2.46
Feb-15,0.02,0.02,0.07,0.22,0.62,0.99,1.47,1.79,1.98,2.34,2.57
Mar-15,0.02,0.03,0.11,0.25,0.64,1.02,1.52,1.84,2.04,2.41,2.63
Apr-15,0.02,0.02,0.09,0.23,0.54,0.87,1.35,1.69,1.94,2.33,2.59
May-15,0.01,0.02,0.08,0.24,0.61,0.98,1.54,1.93,2.20,2.69,2.96
Jun-15,0.01,0.02,0.09,0.28,0.69,1.07,1.68,2.10,2.36,2.85,3.11
Jul-15,0.03,0.03,0.12,0.30,0.67,1.03,1.63,2.04,2.32,2.77,3.07
Aug-15,0.04,0.07,0.22,0.38,0.70,1.03,1.54,1.91,2.17,2.55,2.86
Sep-15,0.01,0.02,0.18,0.37,0.71,1.01,1.49,1.88,2.17,2.62,2.95
Oct-15,0.01,0.02,0.11,0.26,0.64,0.93,1.39,1.76,2.07,2.50,2.89
Nov-15,0.07,0.13,0.33,0.48,0.88,1.20,1.67,2.02,2.26,2.69,3.03
Dec-15,0.17,0.23,0.50,0.65,0.98,1.28,1.70,2.04,2.24,2.61,2.97
Jan-16,0.23,0.26,0.43,0.54,0.90,1.14,1.52,1.85,2.09,2.49,2.86
Feb-16,0.26,0.31,0.45,0.53,0.73,0.90,1.22,1.53,1.78,2.20,2.62
Mar-16,0.25,0.30,0.47,0.66,0.88,1.04,1.38,1.68,1.89,2.28,2.68
Apr-16,0.19,0.23,0.37,0.56,0.77,0.92,1.26,1.57,1.81,2.21,2.62
May-16,0.23,0.28,0.42,0.59,0.82,0.97,1.30,1.60,1.81,2.22,2.63
Jun-16,0.22,0.27,0.40,0.55,0.73,0.86,1.17,1.44,1.64,2.02,2.45
Jul-16,0.26,0.30,0.40,0.51,0.67,0.79,1.07,1.33,1.50,1.82,2.23
Aug-16,0.26,0.30,0.45,0.57,0.74,0.85,1.13,1.40,1.56,1.89,2.26
Sep-16,0.19,0.29,0.47,0.59,0.77,0.90,1.18,1.46,1.63,2.02,2.35
Oct-16,0.24,0.33,0.48,0.66,0.84,0.99,1.27,1.56,1.76,2.17,2.50
Nov-16,0.30,0.45,0.58,0.74,0.98,1.22,1.60,1.93,2.14,2.54,2.86
Dec-16,0.42,0.51,0.64,0.87,1.20,1.49,1.96,2.29,2.49,2.84,3.11
Jan-17,0.50,0.52,0.62,0.83,1.21,1.48,1.92,2.23,2.43,2.75,3.02
Feb-17,0.48,0.53,0.65,0.82,1.20,1.47,1.90,2.22,2.42,2.76,3.03
Mar-17,0.66,0.75,0.89,1.01,1.31,1.59,2.01,2.30,2.48,2.83,3.08
Apr-17,0.75,0.81,0.95,1.04,1.24,1.44,1.82,2.10,2.30,2.67,2.94
May-17,0.73,0.90,1.04,1.12,1.30,1.48,1.84,2.11,2.30,2.70,2.96
Jun-17,0.84,1.00,1.11,1.20,1.34,1.49,1.77,2.01,2.19,2.54,2.80
Jul-17,0.97,1.09,1.13,1.22,1.37,1.54,1.87,2.13,2.32,2.65,2.88
Aug-17,0.98,1.03,1.13,1.23,1.34,1.48,1.78,2.03,2.21,2.55,2.80
Sep-17,0.99,1.05,1.17,1.28,1.38,1.51,1.80,2.03,2.20,2.53,2.78
Oct-17,1.00,1.09,1.25,1.40,1.55,1.68,1.98,2.20,2.36,2.65,2.88
Nov-17,1.09,1.25,1.39,1.56,1.70,1.81,2.05,2.23,2.35,2.60,2.80
Dec-17,1.20,1.34,1.50,1.70,1.84,1.96,2.18,2.32,2.40,2.60,2.77
Jan-18,1.30,1.43,1.62,1.80,2.03,2.15,2.38,2.51,2.58,2.73,2.88
Feb-18,1.38,1.59,1.79,1.96,2.18,2.36,2.60,2.78,2.86,3.02,3.13
Mar-18,1.64,1.73,1.92,2.06,2.28,2.42,2.63,2.77,2.84,2.97,3.09
Apr-18,1.66,1.79,1.98,2.15,2.38,2.52,2.70,2.82,2.87,2.96,3.07
May-18,1.71,1.90,2.07,2.27,2.51,2.66,2.82,2.93,2.98,3.05,3.13
Jun-18,1.81,1.94,2.11,2.33,2.53,2.65,2.78,2.87,2.91,2.98,3.05
Jul-18,1.89,1.99,2.17,2.39,2.61,2.70,2.78,2.85,2.89,2.94,3.01
Aug-18,1.94,2.07,2.24,2.45,2.64,2.71,2.77,2.84,2.89,2.97,3.04
Sep-18,2.04,2.17,2.34,2.56,2.77,2.84,2.89,2.96,3.00,3.08,3.15
Oct-18,2.17,2.29,2.46,2.65,2.86,2.94,3.00,3.09,3.15,3.27,3.34
Nov-18,2.24,2.37,2.52,2.70,2.86,2.91,2.95,3.04,3.12,3.27,3.36
Dec-18,2.37,2.41,2.54,2.66,2.68,2.67,2.68,2.75,2.83,2.98,3.10
Jan-19,2.40,2.42,2.51,2.58,2.54,2.52,2.54,2.61,2.71,2.89,3.04
Feb-19,2.43,2.44,2.50,2.55,2.50,2.48,2.49,2.57,2.68,2.87,3.02
Mar-19,2.45,2.45,2.51,2.49,2.41,2.37,2.37,2.47,2.57,2.80,2.98
Apr-19,2.43,2.43,2.46,2.42,2.34,2.31,2.33,2.43,2.53,2.76,2.94
May-19,2.40,2.40,2.42,2.34,2.21,2.16,2.19,2.29,2.40,2.63,2.82
Jun-19,2.22,2.22,2.17,2.00,1.81,1.78,1.83,1.95,2.07,2.36,2.57
Jul-19,2.15,2.15,2.08,1.96,1.84,1.80,1.83,1.93,2.06,2.36,2.57
Aug-19,2.07,1.99,1.93,1.77,1.57,1.51,1.49,1.55,1.63,1.91,2.12
Sep-19,1.99,1.93,1.89,1.80,1.65,1.59,1.57,1.64,1.70,1.97,2.16
Oct-19,1.73,1.68,1.67,1.61,1.55,1.53,1.53,1.62,1.71,2.00,2.19
Nov-19,1.58,1.57,1.59,1.57,1.61,1.61,1.64,1.74,1.81,2.13,2.28
Dec-19,1.55,1.57,1.58,1.55,1.61,1.63,1.68,1.79,1.86,2.16,2.30
Jan-20,1.53,1.55,1.56,1.53,1.52,1.52,1.56,1.67,1.76,2.07,2.22
Feb-20,1.58,1.54,1.51,1.41,1.33,1.31,1.32,1.42,1.50,1.81,1.97
Mar-20,0.37,0.30,0.30,0.33,0.45,0.50,0.59,0.78,0.87,1.26,1.46
Apr-20,0.10,0.09,0.11,0.16,0.20,0.24,0.36,0.53,0.64,1.05,1.28
May-20,0.13,0.14,0.18,0.17,0.16,0.19,0.30,0.50,0.65,1.18,1.41
Jun-20,0.13,0.16,0.18,0.16,0.16,0.18,0.29,0.49,0.66,1.18,1.41
Jul-20,0.09,0.09,0.10,0.11,0.11,0.11,0.21,0.39,0.55,0.98,1.20
Aug-20,0.08,0.11,0.13,0.12,0.14,0.15,0.28,0.50,0.72,1.26,1.49
Sep-20,0.08,0.10,0.11,0.12,0.13,0.16,0.28,0.47,0.69,1.23,1.46
Oct-20,0.08,0.09,0.11,0.13,0.14,0.19,0.38,0.64,0.88,1.43,1.65
Nov-20,0.08,0.08,0.09,0.11,0.16,0.19,0.36,0.62,0.84,1.37,1.58
Dec-20,0.08,0.09,0.09,0.10,0.13,0.17,0.36,0.65,0.93,1.45,1.65
Jan-21,0.07,0.06,0.07,0.10,0.11,0.19,0.45,0.79,1.11,1.68,1.87
Feb-21,0.04,0.04,0.05,0.08,0.14,0.30,0.75,1.15,1.44,2.08,2.17
Mar-21,0.01,0.03,0.05,0.07,0.16,0.35,0.92,1.40,1.74,2.31,2.41
Apr-21,0.01,0.01,0.03,0.05,0.16,0.35,0.86,1.32,1.65,2.19,2.30
May-21,0.01,0.01,0.03,0.05,0.14,0.30,0.79,1.24,1.58,2.18,2.26
Jun-21,0.05,0.05,0.06,0.07,0.25,0.46,0.87,1.21,1.45,2.00,2.06
Jul-21,0.05,0.06,0.05,0.07,0.19,0.35,0.69,1.00,1.24,1.81,1.89
Aug-21,0.03,0.04,0.06,0.07,0.20,0.40,0.77,1.08,1.30,1.85,1.92
Sep-21,0.07,0.04,0.05,0.09,0.28,0.53,0.98,1.32,1.52,2.02,2.08
Oct-21,0.06,0.05,0.07,0.15,0.48,0.75,1.18,1.44,1.55,1.98,1.93
Nov-21,0.11,0.05,0.10,0.24,0.52,0.81,1.14,1.36,1.43,1.85,1.78
Dec-21,0.06,0.06,0.19,0.39,0.73,0.97,1.26,1.44,1.52,1.94,1.90
Jan-22,0.03,0.22,0.49,0.78,1.18,1.39,1.62,1.75,1.79,2.17,2.11
Feb-22,0.06,0.35,0.69,1.01,1.44,1.62,1.71,1.81,1.83,2.25,2.17
Mar-22,0.17,0.52,1.06,1.63,2.28,2.45,2.42,2.40,2.32,2.59,2.44
Apr-22,0.37,0.85,1.41,2.10,2.70,2.87,2.92,2.94,2.89,3.14,2.96
May-22,0.73,1.16,1.64,2.08,2.53,2.71,2.81,2.87,2.85,3.28,3.07
Jun-22,1.28,1.72,2.51,2.80,2.92,2.99,3.01,3.04,2.98,3.38,3.14
Jul-22,2.22,2.41,2.91,2.98,2.89,2.83,2.70,2.70,2.67,3.20,3.00
Aug-22,2.40,2.96,3.32,3.50,3.45,3.46,3.30,3.25,3.15,3.53,3.27
Sep-22,2.79,3.33,3.92,4.05,4.22,4.25,4.06,3.97,3.83,4.08,3.79
Oct-22,3.73,4.22,4.57,4.66,4.51,4.45,4.27,4.18,4.10,4.44,4.22
Nov-22,4.07,4.37,4.70,4.74,4.38,4.13,3.82,3.76,3.68,4.00,3.80
Dec-22,4.12,4.42,4.76,4.73,4.41,4.22,3.99,3.96,3.88,4.14,3.97
Jan-23,4.58,4.70,4.80,4.68,4.21,3.90,3.63,3.59,3.52,3.78,3.65
Feb-23,4.65,4.88,5.17,5.02,4.81,4.51,4.18,4.07,3.92,4.10,3.93
Mar-23,4.74,4.85,4.94,4.64,4.06,3.81,3.60,3.55,3.48,3.81,3.67
Apr-23,4.27,5.18,5.05,4.78,4.07,3.82,3.60,3.57,3.53,3.88,3.76