Holding period,Shift,Tilt,Flex
Apr-53,,,
May-53,0.18000000000000008,-0.0044410745233968985,0.005818181818181775
Jun-53,0.02999999999999998,0.0022205372616984284,0.005090909090909078
Jul-53,-0.12999999999999998,0.00048743500866552797,-0.007999999999999983
Aug-53,-0.01800000000000006,0.002881282495667256,0.008909090909090898
Sep-53,-0.05999999999999996,0.0018955805892547362,-0.007272727272727255
Oct-53,-0.2699999999999999,0.017493500866551145,0.002909090909090927
Nov-53,-0.028000000000000025,0.005589254766031199,0.002181818181818144
Dec-53,-0.07800000000000015,0.0002274696707105922,0.0021818181818182014
Jan-54,-0.156,0.008903812824956642,0.00236363636363637
Feb-54,-0.14999999999999986,0.013269064124783375,0.013090909090909097
Mar-54,-0.07400000000000007,-0.005383448873483548,-0.0061818181818182015
Apr-54,-0.07399999999999993,0.006856585788561534,-0.0021818181818181667
May-54,0.019999999999999997,0.007690641247833627,0.0030909090909090713
Jun-54,-0.014000000000000058,0.0006824090121317072,0.003272727272727271
Jul-54,-0.052000000000000046,-0.0036936741767764347,-0.001090909090909066
Aug-54,0.03600000000000003,-0.0013756499133448785,0.0036363636363636216
Sep-54,0.07200000000000004,-0.007733968804159455,-0.004545454545454554
Oct-54,0.07599999999999998,-0.007928942807625655,-0.004727272727272705
Nov-54,0.03199999999999994,0.002502166377816306,0.003818181818181797
Dec-54,0.050000000000000044,-0.003520363951473149,0.0010909090909091111
Jan-55,0.13999999999999996,-0.007257365684575384,-0.0014545454545454757
Feb-55,0.09800000000000009,-0.005155979202772956,-0.007090909090909099
Mar-55,0.05999999999999996,-0.004874350086655127,-0.003272727272727226
Apr-55,0.08400000000000003,-0.008318890814558048,-0.0025454545454545972
May-55,0.03799999999999999,-0.0042352686308492135,0.0007272727272727448
Jun-55,0.013999999999999924,-0.0017655979202773203,0.0014545454545454393
Jul-55,0.11200000000000006,-0.0024263431542460925,0.0016363636363636996
Aug-55,0.16800000000000007,-0.01501299826689776,-0.006363636363636424
Sep-55,-0.01200000000000001,0.0006390814558059135,0.002000000000000038
Oct-55,-0.05800000000000001,-0.0036178509532062385,-0.002181818181818231
Nov-55,0.052000000000000046,-0.006813258232235695,-0.005272727272727234
Dec-55,0.12799999999999995,-0.010788561525129995,-0.0023636363636363455
Jan-56,-0.08800000000000008,0.006130849220103986,0.0005454545454545261
Feb-56,-0.07799999999999985,0.004993500866551124,0.0003636363636363802
Mar-56,0.146,-0.006304159445407263,-0.0020000000000000226
Apr-56,0.25,-0.010777729636048528,-0.0014545454545454315
May-56,-0.08000000000000007,-0.002653812824956683,-0.00145454545454548
Jun-56,-0.11399999999999988,0.007614818024263415,0.0016363636363636417
Jul-56,0.09399999999999986,0.0007257365684575634,0.004181818181818182
Aug-56,0.2640000000000001,-0.013626516464471407,-0.002181818181818184
Sep-56,0.10599999999999987,-0.008416377816291187,-0.004727272727272708
Oct-56,-0.060000000000000143,0.004441074523396896,0.0023636363636363455
Nov-56,0.1500000000000002,-0.003682842287694954,-0.0001818181818181617
Dec-56,0.15,-0.00942374350086656,-0.004181818181818174
Jan-57,-0.20199999999999996,0.01851169844020797,0.004727272727272715
Feb-57,-0.06800000000000014,-0.006813258232235715,-0.0038181818181818174
Mar-57,0.050000000000000086,-0.0016789428076256514,0.0027272727272726932
Apr-57,0.06999999999999992,0.0009207105719237487,0.0007272727272727439
May-57,0.07800000000000011,0.003996967071057216,0.0032727272727272926
Jun-57,0.18199999999999986,-0.0011265164644714224,0.0007272727272727274
Jul-57,0.13800000000000018,-0.0064558058925476445,0.001999999999999982
Aug-57,0.05799999999999983,-0.006943240901213166,-0.005999999999999961
Sep-57,0.020000000000000108,-0.005145147313691537,-0.0007272727272727116
Oct-57,0.019999999999999928,0.003249566724436749,0.0021818181818181507
Nov-57,-0.3179999999999999,0.01891247833622183,0.0009090909090908898
Dec-57,-0.4720000000000001,0.018132582322357014,-0.009636363636363625
Jan-58,-0.2580000000000001,0.022432842287694998,0.011636363636363622
Feb-58,-0.19199999999999995,0.033188908145580585,0.007636363636363603
Mar-58,-0.11199999999999992,0.010171143847487005,0.0027272727272727743
Apr-58,-0.2080000000000001,0.014471403812824954,0.00672727272727271
May-58,-0.03399999999999994,0.006260831889081456,0.0034545454545454775
Jun-58,0.0060000000000000496,0.00869800693240902,0.0034545454545454254
Jul-58,0.28400000000000003,-0.01422227036395149,-0.001454545454545441
Aug-58,0.5299999999999999,-0.03607019064124784,-0.009454545454545462
Sep-58,0.35599999999999987,-0.025747400346620444,-0.004181818181818189
Oct-58,0.08600000000000003,-0.009282928942807616,-0.0049090909090909185
Nov-58,-0.06999999999999984,0.002328856152512968,-0.001090909090909059
Dec-58,0.1299999999999999,-0.003899480069324078,0.000363636363636316
Jan-59,0.13999999999999996,-0.002545493934142093,0.0012727272727272605
Feb-59,0.01800000000000006,-0.006185008665511277,-0.006727272727272681
Mar-59,0.04200000000000017,-0.001993067590987852,-0.0018181818181818197
Apr-59,0.09999999999999991,-0.0014081455805893088,0.007454545454545448
May-59,0.18999999999999978,-0.011156845753899445,0.0030909090909090574
Jun-59,0.11400000000000006,-0.012326689774696725,-0.010545454545454466
Jul-59,0.1120000000000001,-0.013041594454072736,0.0007272727272727279
Aug-59,0.008000000000000007,-0.0012564991334488781,-0.0001818181818181784
Sep-59,0.33399999999999996,-0.02375433275563261,-0.0016363636363636337
Oct-59,-0.16399999999999987,0.00663994800693244,-9.595189226496714e-17
Nov-59,0.023999999999999844,-0.0019822357019064,-0.003818181818181737
Dec-59,0.23000000000000007,-0.012619150779896032,-0.00036363636363642097
Jan-60,-0.041999999999999996,0.015099653379549348,0.0025454545454545396
Feb-60,-0.24599999999999972,0.011882582322357036,0.0010909090909091165
Mar-60,-0.3680000000000005,0.02866117850953207,0.0036363636363636064
Apr-60,0.020000000000000285,0.006390814558058967,-0.0010909090909090187
May-60,0.11999999999999993,-0.015381282495667281,0.002727272727272702
Jun-60,-0.40599999999999997,0.03565857885615253,0.006545454545454569
Jul-60,-0.25,0.009207105719237423,0.002363636363636337
Aug-60,-0.162,0.011687608318890784,0.003999999999999986
Sep-60,0.029999999999999895,-0.0034662045060658356,-0.0030909090909091146
Oct-60,0.07400000000000002,0.0012673310225303352,0.005090909090909123
Nov-60,0.04800000000000013,-0.0009315424610052137,-0.001818181818181823
Dec-60,-0.13600000000000012,0.010528596187175068,0.002909090909090903
Jan-61,-0.01799999999999997,0.0019605719237434788,0.002909090909090896
Feb-61,0.01200000000000001,-0.010766897746967076,-0.00727272727272724
Mar-61,-0.05799999999999992,0.003152079722703663,0.004363636363636354
Apr-61,-0.002000000000000135,0.0014514731369150782,-0.00018181818181821352
May-61,-0.06999999999999984,-0.0009748700173310282,4.163336342344337e-17
Jun-61,0.24999999999999992,-0.010615251299826683,-0.005090909090909094
Jul-61,-0.014000000000000058,0.008860485268630862,0.006363636363636346
Aug-61,0.13200000000000003,-0.002697140381282513,-0.00436363636363634
Sep-61,-0.02999999999999998,0.0009748700173310143,-0.003818181818181842
Oct-61,-0.0620000000000001,0.0020472270363951356,0.00036363636363634724
Nov-61,0.008000000000000007,-0.0012023396880415718,0.0032727272727272917
Dec-61,0.10000000000000017,-0.0022205372616984492,-0.0009090909090909219
Jan-62,0.043999999999999775,-0.002957105719237449,-0.0010909090909090521
Feb-62,-0.027999999999999848,0.0034228769497400627,0.0007272727272727222
Mar-62,-0.17199999999999988,0.010929376083188884,0.0021818181818181667
Apr-62,-0.08400000000000007,-0.002729636048526843,-0.0005454545454545365
May-62,0.027999999999999935,-0.0032062391681109206,0.0043636363636363786
Jun-62,0.010000000000000054,0.0036828422876949707,-0.0009090909090909288
Jul-62,0.16799999999999987,-0.010842720970537283,-0.006181818181818212
Aug-62,-0.08199999999999993,0.005838388214904684,0.0065454545454545765
Sep-62,-0.041999999999999905,0.005946707105719241,0.0038181818181818143
Oct-62,-0.06600000000000002,0.0013756499133448855,0.0020000000000000087
Nov-62,0.005999999999999961,-0.002729636048526843,-0.010000000000000002
Dec-62,-0.026000000000000068,-0.0003574523396880566,-0.0018181818181818334
Jan-63,0.012000000000000099,-0.001884748700173286,-0.001636363636363618
Feb-63,0.03399999999999999,0.0038669844020797206,0.009090909090909075
Mar-63,0.016000000000000014,-0.000779896013864835,1.0408340855860843e-17
Apr-63,0.06400000000000006,-0.0024155112651646285,-0.002909090909090896
May-63,-0.004000000000000092,-0.002242201039861398,-0.005999999999999995
Jun-63,0.05999999999999996,-0.005415944540727906,0.0029090909090909133
Jul-63,0.11599999999999984,-0.012424176776429804,-0.0065454545454545435
Aug-63,0.002000000000000224,-0.004321923743500818,-0.0007272727272727517
Sep-63,0.05999999999999987,0.0010831889081455645,0.002181818181818191
Oct-63,0.038000000000000256,-0.0016897746967071137,-0.0036363636363636407
Nov-63,0.053999999999999916,-0.0036070190641247814,-0.004181818181818229
Dec-63,0.039999999999999945,-0.0024913344887348074,-0.003090909090909041
Jan-64,0.016000000000000104,-2.1663778162921143e-05,0.0007272727272727277
Feb-64,-0.026000000000000068,0.0004549393414211289,1.6479873021779667e-17
Mar-64,0.09599999999999982,-0.005437608318890839,-0.0005454545454546148
Apr-64,0.014000000000000411,0.0005090987868284474,-0.0019999999999999575
May-64,-0.07000000000000028,0.003953639514731388,0.0010909090909090677
Jun-64,-0.026000000000000155,-0.0007365684575390136,0.0
Jul-64,-0.03399999999999963,0.005556759098786827,0.008727272727272759
Aug-64,0.011999999999999834,0.00028162911611782915,0.0014545454545454254
Sep-64,0.04799999999999995,-0.004776863084921968,-0.004727272727272683
Oct-64,0.002000000000000046,-0.0009640381282495607,-0.0019999999999999584
Nov-64,-0.005999999999999961,-0.004365251299826723,-0.004727272727272787
Dec-64,0.04799999999999969,-0.004831022530329292,0.0012727272727272457
Jan-65,-0.019999999999999664,0.004874350086655153,0.0054545454545454185
Feb-65,0.046,-0.003812824956672496,8.153200337090993e-17
Mar-65,0.013999999999999879,-0.0030654246100519505,-0.004363636363636352
Apr-65,-0.00799999999999983,0.0008773830155979004,0.0007272727272727118
May-65,0.0,0.0014081455805892255,0.0009090909090908894
Jun-65,-0.014000000000000058,0.0022530329289428153,0.0027272727272727505
Jul-65,-0.002000000000000046,-1.0831889081439755e-05,-0.0010909090909090686
Aug-65,0.06000000000000005,-0.002653812824956688,-0.0016363636363636819
Sep-65,0.06999999999999992,-0.003845320623916817,-0.0029090909090909276
Oct-65,0.07199999999999988,-0.005350953206239123,0.0007272727272727119
Nov-65,0.09800000000000023,-0.0010398613518197613,0.00036363636363637175
Dec-65,0.24399999999999977,-0.01703856152512999,-0.006000000000000001
Jan-66,0.08400000000000016,-0.009672876949740082,0.002181818181818216
Feb-66,0.142,0.008026429809358776,0.0005454545454546145
Mar-66,-0.006000000000000227,0.0022422010398613634,-0.0003636363636364203
Apr-66,-0.08599999999999977,-3.249566724435049e-05,-0.001818181818181812
May-66,0.053999999999999916,-0.001873916811091829,-0.0047272727272727865
Jun-66,0.04799999999999986,-0.0009857019064124818,0.0025454545454545556
Jul-66,0.18599999999999994,-0.0060875216637782045,0.0009090909090909375
Aug-66,0.28600000000000014,-0.019898180242634303,-0.006545454545454535
Sep-66,0.06800000000000014,-0.014308925476603118,-0.010545454545454577
Oct-66,-0.2120000000000001,0.011091854419410727,0.006181818181818111
Nov-66,0.05800000000000018,0.003238734835355285,0.0056363636363637275
Dec-66,-0.29400000000000015,0.01573873483535526,-0.005636363636363679
Jan-67,-0.34,0.012944107452339704,0.012545454545454601
Feb-67,0.026000000000000155,0.008589688041594478,0.004545454545454497
Mar-67,-0.19200000000000034,0.018674176776429796,0.004727272727272788
Apr-67,-0.04599999999999991,0.017515164644714018,0.004909090909090869
May-67,0.20600000000000024,0.009185441941074547,0.0009090909090908733
Jun-67,0.2259999999999998,-0.01540294627383015,-0.0003636363636363247
Jul-67,0.21600000000000003,-0.02428509532062392,0.006727272727272813
Aug-67,0.1200000000000001,-0.0013539861351819665,-0.008000000000000155
Sep-67,0.08800000000000008,-0.007214038128249584,-0.00854545454545446
Oct-67,0.158,0.005134315424610089,0.005090909090909144
Nov-67,0.242,0.006076689774696673,0.0012727272727272292
Dec-67,-0.010000000000000142,-0.008448873483535528,-0.0023636363636363776
Jan-68,-0.20800000000000002,0.002935441941074514,-0.0021818181818181993
Feb-68,0.025999999999999978,-0.0024046793760831974,-0.0020000000000000386
Mar-68,0.184,0.0022422010398613747,-0.002363636363636313
Apr-68,-0.04399999999999995,-0.012207538994800704,-0.0012727272727272457
May-68,0.292,-0.02181542461005199,0.0016363636363635856
Jun-68,-0.1879999999999999,0.004614384748700184,0.009090909090909042
Jul-68,-0.23800000000000007,0.013334055459272087,0.0007272727272727604
Aug-68,-0.11600000000000002,0.007820623916811138,0.0014545454545454879
Sep-68,0.012000000000000099,0.0041269497400346355,0.0007272727272727934
Oct-68,0.11999999999999993,0.0031412478336222023,-0.006181818181818228
Nov-68,0.11600000000000002,-0.00023830155979209094,0.005454545454545435
Dec-68,0.4280000000000001,-0.013442374350086645,-0.01163636363636363
Jan-69,0.09199999999999982,-0.001668110918544144,0.004545454545454562
Feb-69,0.10600000000000023,0.003173743500866539,-0.00036363636363642097
Mar-69,0.055999999999999696,0.008535528596187149,0.0009090909090909705
Apr-69,-0.12799999999999995,-0.006109185441941039,0.002909090909090864
May-69,0.1780000000000001,-0.009217937608318884,-0.0005454545454545018
Jun-69,0.31400000000000006,-0.02012564991334491,-0.008545454545454573
Jul-69,0.28799999999999953,-0.03591854419410747,-0.017090909090909066
Aug-69,-0.024999999999999616,-0.0012449567723342991,0.0012803558790819933
Sep-69,0.445,-0.0039423631123919195,0.005120614700232558
Oct-69,-0.11333333333333344,0.007746397694524523,0.004513193812556817
Nov-69,0.09500000000000004,0.00586167146974062,-0.007411990698614902
Dec-69,0.3633333333333333,-0.01065129682997118,0.0013110908907087576
Jan-70,0.10833333333333339,-0.002299711815561961,0.004939439894853895
Feb-70,-0.38833333333333336,0.011481268011527365,0.003651804670912952
Mar-70,-0.395,0.0478270893371758,0.0035765847740369884
Apr-70,0.23166666666666647,-0.0018501440922190117,0.005258113436457417
May-70,0.5166666666666669,-0.014092219020172898,-0.001527044788191335
Jun-70,-0.08000000000000022,0.016858789625360224,-0.002360125366494766
Jul-70,-0.3366666666666666,-0.004737752161383273,0.0021765241128298696
Aug-70,-0.0066666666666663765,0.017360230547550426,0.002295420078859552
Sep-70,-0.2333333333333334,0.007798270893371717,0.005649580426650478
Oct-70,-0.1266666666666668,0.015907780979827132,0.00043756950763321895
Nov-70,-0.6050000000000001,0.034806916426512985,0.002122333434435325
Dec-70,-0.4683333333333331,0.014126801152737754,-0.003073501162673121
Jan-71,-0.15833333333333335,0.011118155619596504,0.0025882115054089404
Feb-71,-0.3233333333333333,0.037780979827089375,0.010222626630269953
Mar-71,-0.41,0.01250144092219023,-0.0014429279142654967
Apr-71,0.4366666666666666,-0.04365994236311242,-0.006423617429986834
May-71,0.5916666666666667,-0.02711239193083572,-0.0038612880396320035
Jun-71,0.27,-0.028063400576368924,-0.003726215751693464
Jul-71,0.27,-0.026818443804034576,-0.0026496815286624308
Aug-71,-0.2400000000000002,0.013902017291066278,0.004378930340713809
Sep-71,-0.39833333333333326,0.012518731988472625,-0.0021134364573855077
Oct-71,-0.2666666666666666,0.01808645533141211,0.003828126579718944
Nov-71,-0.13666666666666658,0.0103054755043228,0.004376503892427459
Dec-71,0.008333333333333156,0.015907780979827077,0.0020115256293600225
Jan-72,-0.09666666666666653,0.016685878962535997,0.0022598321706601976
Feb-72,0.07666666666666666,0.0007953890489913601,0.00010271964412091397
Mar-72,0.1566666666666666,-0.024155619596541777,-0.008358305530280042
Apr-72,0.21666666666666679,-0.014662824207492778,-0.0035482762106966194
May-72,-0.21166666666666675,0.017515850144092224,0.004656354261449808
Jun-72,0.05833333333333327,-0.017083573487031725,-0.0023649782630674257
Jul-72,0.043333333333333446,-0.005360230547550443,-0.004064300879587529
Aug-72,0.03500000000000014,-0.005239193083573464,0.0050373066424021905
Sep-72,0.28833333333333294,-0.018069164265129684,0.001408957638257019
Oct-72,-0.04666666666666656,-0.0025590778097982526,-0.00304357496714186
Nov-72,-0.16666666666666652,-0.0031296829971181814,-0.00025962996663635163
Dec-72,0.10499999999999998,0.0008818443804034654,-0.0029408553230208904
Jan-73,0.31499999999999995,0.03153890489913548,-0.013068850470124354
Feb-73,0.2316666666666666,-0.01372910662824215,-0.0015068243858053173
Mar-73,0.2333333333333334,-0.03015561959654175,-0.0037318774643615446
Apr-73,-0.06499999999999995,0.0003631123919308472,-0.001112930947325846
May-73,0.11499999999999992,0.005550432276657055,0.004715397836416951
Jun-73,0.06999999999999999,-0.008092219020172943,-0.003334748761500328
Jul-73,0.5500000000000003,-0.047100864553314144,-0.007465372560913967
Aug-73,0.3266666666666665,-0.004755043227665658,-0.0029804873116975085
Sep-73,-0.47333333333333333,0.01589048991354463,0.00631280962491153
Oct-73,-0.38333333333333347,0.038922190201729115,0.0033751895662723908
Nov-73,0.11333333333333344,-0.005982708933717579,-0.004797897078151878
Dec-73,-0.12166666666666688,0.016530259365994285,0.003124456576685886
Jan-74,0.16500000000000017,0.0032680115273774745,-0.00013507228793852716
Feb-74,-0.14500000000000002,0.02417291066282423,0.006690526741482158
Mar-74,0.4833333333333332,-0.03264553314121034,-0.0059795773935901455
Apr-74,0.5299999999999999,-0.03506628242074934,-0.0076085330098069354
May-74,0.16666666666666666,-0.005844380403458124,-0.0013054291780406034
Jun-74,-0.06999999999999984,0.00487608069164255,0.0028591648973814512
Jul-74,0.23166666666666677,-0.002161383285302628,0.002510565160246692
Aug-74,0.3083333333333331,-0.0051008645533140926,-0.0021142452734809296
Sep-74,-0.19500000000000028,0.026507204610951046,0.0018796886058032192
Oct-74,-0.38666666666666627,0.029187319884726153,0.002913355575775994
Nov-74,-0.32,0.00015561959654187066,0.0075689010211302775
Dec-74,-0.28500000000000014,0.01971181556195966,-0.0007416843595187438
Jan-75,-0.04666666666666641,0.014144092219020132,0.005265392781316362
Feb-75,-0.36000000000000004,0.035896253602305465,0.016086543322212106
Mar-75,0.22999999999999998,0.010063400576368925,0.004071580224446501
Apr-75,0.6366666666666666,-0.03193659942363117,-0.013271054493984429
May-75,-0.27666666666666656,0.02000576368876092,0.005449802851076732
Jun-75,-0.18666666666666684,-0.0015216138328531664,0.00015933677080174832
Jul-75,0.40166666666666684,-0.03764265129682992,-0.0074993428369224575
Aug-75,0.41499999999999987,-0.012812680115273777,-0.0018044687089273474
Sep-75,0.0566666666666665,-0.0006570605187319403,-0.004805176423010771
Oct-75,-0.41999999999999976,0.028374639769452398,0.004078050753209996
Nov-75,-0.20333333333333328,0.021440922190201717,0.009468810029319572
Dec-75,-0.018333333333333535,-0.006155619596541692,-0.0006551410373066714
Jan-76,-0.37833333333333324,0.025798270893371694,0.0063524416135881095
Feb-76,0.04666666666666656,-0.0033025936599424127,-0.001628146800121296
Mar-76,0.036666666666666924,-0.016945244956772312,-0.0038176119704782067
Apr-76,-0.2183333333333334,0.012000000000000038,0.002010716813264566
May-76,0.36500000000000005,-0.011463976945244925,-0.0031600444848852577
Jun-76,0.003333333333333114,-0.012207492795389116,-0.000983520372055369
Jul-76,-0.13571428571428548,0.015117733627667412,0.00651671732522794
Aug-76,-0.16142857142857153,0.00986387049300956,-0.0016170212765957356
Sep-76,-0.17571428571428566,0.0034446284032376984,-0.002066869300911857
Oct-76,-0.29857142857142843,0.021639992641648245,-0.004656534954407293
Nov-76,-0.17714285714285744,0.008350809418690208,-0.0002066869300911961
Dec-76,-0.41571428571428576,0.004210816777041937,-0.0020425531914893477
Jan-77,0.4300000000000002,-0.019515268579838083,0.008595744680851045
Feb-77,0.2028571428571427,-0.002646247240618141,0.002480243161094263
Mar-77,0.05125000000000002,0.0014177712322042402,0.0003051070747841604
Apr-77,-0.09999999999999987,0.002309278350515462,-0.0016275647494113817
May-77,0.18249999999999988,-0.00995189003436428,-0.0037270153604664034
Jun-77,-0.14375000000000016,-0.0008129602356406612,-0.0024516481668348487
Jul-77,0.07000000000000006,-0.006425135002454584,-0.0006985088014351513
Aug-77,0.1887500000000002,-0.013011291114383906,-0.0037564469110886716
Sep-77,0.014999999999999902,-0.0063151693667157505,-0.0026664984863774034
Oct-77,0.26875000000000004,-0.0112518409425626,-0.0022829072766004975
Nov-77,0.033749999999999836,0.002729504172803158,0.0008525339163583147
Dec-77,0.08875000000000022,0.0015984290623466055,0.001764911985648621
Jan-78,0.28500000000000003,-0.0027020127638684548,-0.00028744814441080454
Feb-78,0.06999999999999995,0.00031418753068239436,0.00015893037336024533
Mar-78,0.003750000000000031,-0.001087874324987713,0.001166470456329189
Apr-78,0.12625000000000008,-0.0015198821796760208,-1.177262024891837e-05
May-78,0.20749999999999968,-0.008145311732940613,-0.0028293530664872772
Jun-78,0.16625000000000023,-0.007222385861561115,-0.0011694136113913952
Jul-78,0.20124999999999993,-0.0042847324496808805,-0.001634432111223264
Aug-78,-0.17999999999999994,-0.0025920471281296025,-0.0025163975782038256
Sep-78,0.09750000000000014,-0.008412371134020605,-0.004817944836865117
Oct-78,0.2537499999999997,-0.004810996563573907,-0.005679308218410144
Nov-78,0.32000000000000006,-0.022181639666175736,-0.010239236461486698
Dec-78,0.22875000000000023,-0.006868924889543444,-0.00019130507904474917
Jan-79,0.10999999999999965,-0.003157584683357896,0.0008603823298576271
Feb-79,-0.06374999999999997,0.009633775159548347,0.0003688754344657319
Mar-79,0.047499999999999876,-0.0008718703976435989,0.0013518892252494842
Apr-79,0.02124999999999999,0.0030044182621502442,0.003537672384796511
May-79,0.03375000000000017,0.005070201276386854,-0.00015794932167282477
Jun-79,-0.40625,0.010317133038782506,0.001819850880143482
Jul-79,0.018750000000000044,-1.9636720667669597e-05,-0.001336192398250927
Aug-79,0.16625000000000045,-0.01001865488463425,-0.002888216167731791
Sep-79,0.42749999999999977,-0.018969072164948437,-0.007313740329633365
Oct-79,1.12875,-0.032003927344133536,-0.006553425271891466
Nov-79,0.28875000000000006,0.011259695630829653,0.006204170871173878
Dec-79,-0.35250000000000004,0.01229258713794791,-0.0009486769817243883
Jan-80,0.29875000000000007,0.014857142857142888,0.0026871005718129767
Feb-80,1.7574999999999998,-0.016785468826705875,0.001008521134656347
Mar-80,0.8425000000000002,-0.05392243495336286,-0.016945705796613957
Apr-80,-1.6700000000000002,0.056192439862542985,0.011393934297566959
May-80,-2.0175000000000005,0.08901718213058417,0.032281505774189936
Jun-80,-0.6699999999999995,0.013070201276386875,0.013087229510034777
Jul-80,0.3987499999999997,0.002509572901325481,-0.002708683708935993
Aug-80,1.15375,-0.03252233676975947,-0.0054311021414956695
Sep-80,0.7262500000000001,-0.031304860088365236,-0.00819080053817691
Oct-80,0.3949999999999998,-0.014515463917525777,-0.011956076914452317
Nov-80,1.0837500000000002,-0.02881492390770746,-0.009444584594685486
Dec-80,0.3237500000000002,-0.023143838978890496,-0.0070871173898419335
Jan-81,-0.4762500000000003,0.021219440353461003,0.00459230294876108
Feb-81,0.6275000000000002,0.0033382425135002475,0.0030510707478416874
Mar-81,-0.20125000000000015,0.013568973981345052,0.015149400156968258
Apr-81,0.5687500000000001,-0.0037427589592537794,-0.00040026908846281517
May-81,0.8062500000000001,-0.040322042218949444,-0.020503980266846026
Jun-81,-0.7850000000000004,0.015567992145311793,0.01180107074784165
Jul-81,0.7975000000000001,-0.009025036818851279,0.000272732369099667
Aug-81,0.7650000000000001,-0.014609720176730498,-0.0033826662181858525
Sep-81,0.30374999999999996,0.01851742758959256,0.009634908622042804
Oct-81,-0.46499999999999986,0.040985763377515944,0.010075400829689413
Nov-81,-2.0774999999999997,0.05367108492881688,0.012695789886758615
Dec-81,0.30249999999999955,-0.013329405989199787,0.00017266509698397534
Jan-82,1.0387500000000005,-0.020190476190476186,-0.008412518219531344
Feb-82,0.24499999999999994,-0.029102224141999512,-0.04341140187645577
Mar-82,-0.7040000000000003,0.004297101536221756,0.00713412039507063
Apr-82,-0.014000000000000234,-0.008702990453107427,0.0005822706156388968
May-82,-0.37799999999999956,0.019556131488747325,-0.0003999603107473493
Jun-82,0.6620000000000001,0.003359610285206895,0.01715824950876419
Jul-82,-0.6060000000000001,0.020128865051654024,0.02207034106731562
Aug-82,-1.4340000000000002,0.05247071339724592,0.05059230028498182
Sep-82,-0.6900000000000002,-0.0026172963936183236,0.009240233841269013
Oct-82,-1.2399999999999995,0.00684080646644987,-0.06479476101864742
Nov-82,-0.27999999999999997,-0.020068072103636016,-0.024018543339362604
Dec-82,-0.10100000000000034,0.008704590267528962,-0.0027762599711114444
Jan-83,-0.13499999999999995,0.01542381083794285,-0.010520475750517275
Feb-83,0.26600000000000035,-0.0017150010598770554,0.0018148854216819901
Mar-83,-0.0570000000000002,-0.01566378300117184,-0.008191939828490393
Apr-83,-0.09700000000000006,-0.0030188498134216535,0.00445344645854754
May-83,-0.025999999999999978,0.004716252914661864,-0.0038962093510481986
Jun-83,0.594,-0.012436957312951712,0.00507673689278694
Jul-83,0.492,0.00022717364785689032,0.009453374887764064
Aug-83,0.3810000000000002,0.002884465402013363,0.0024342036774369497
Sep-83,-0.2580000000000002,0.007381543740926075,0.0005855010605489291
Oct-83,-0.19800000000000004,0.011019521735478627,0.003188595520970207
Nov-83,0.12599999999999997,0.002511708641797575,-0.0010423406248779646
Dec-83,0.17199999999999988,-0.004047530486463544,-0.0013169382018816886
Jan-84,-0.17699999999999977,0.0010926732499029895,-0.0059687007950863374
Feb-84,0.17099999999999974,0.0010606769614724398,-0.0014026962666077655
Mar-84,0.48800000000000027,-0.0028956641029640184,0.005098393561232074
Apr-84,0.2900000000000002,-0.001705402173347914,0.0047228128619205
May-84,0.6929999999999998,0.00848381587735822,0.028388144625034098
Jun-84,0.23499999999999996,-0.01114270744593629,0.01565376982836031
Jul-84,-0.09100000000000019,-0.01047078538889483,-0.016329323200645438
Aug-84,-0.3919999999999998,-0.02366125529438589,-0.027482214660299077
Sep-84,-0.19500000000000028,-0.0038891488587323927,-0.005241030879539886
Oct-84,-0.5079999999999998,0.013080082710405623,0.0020838809582678086
Nov-84,-0.8149999999999997,0.029463782201264645,0.005818792535817893
Dec-84,-0.28900000000000026,0.020469625523439283,0.004414007703618897
Jan-85,-0.18900000000000022,0.00894456243075803,0.002224615144377773
Feb-85,0.22300000000000023,-0.012307372344807985,-0.011618787981313584
Mar-85,0.4280000000000001,-0.0059993040807266446,0.01621735070985208
Apr-85,-0.5379999999999999,0.013304056729419353,-0.005121933842570273
May-85,-0.6039999999999999,0.008616600474344982,-0.010346871055473862
Jun-85,-0.6510000000000004,0.0015150242571861788,-0.0053478697932254834
Jul-85,0.10100000000000006,-0.0012718524651140345,-0.002205535024138894
Aug-85,0.09600000000000017,-0.00349079506777214,0.0055810864444936145
Sep-85,0.020999999999999817,0.00276607913482034,0.0010083379962783079
Oct-85,-0.07800000000000011,-0.0040635286306788115,-0.004255022967715093
Nov-85,-0.29599999999999993,-0.013265661183302732,-0.011764050646088986
Dec-85,-0.404,-0.009909250526938931,-0.0056655269561596035
Jan-86,-0.04399999999999995,-0.006869603126037349,0.0033939776438898298
Feb-86,-0.29300000000000015,-0.015868559247127337,-0.006655360651684546
Mar-86,-0.7919999999999999,-0.014619104183914655,-0.005562318633128154
Apr-86,-0.5149999999999999,-0.0026732898983718167,-0.00048708472679479843
May-86,0.2999999999999998,-0.0017757940078950776,0.007201881660962679
Jun-86,0.07300000000000013,-0.0046922556983389554,0.0011350670813434285
Jul-86,-0.4670000000000002,0.006036099812421737,-0.004379253581792367
Aug-86,-0.22399999999999984,0.016378900047594493,-0.0018178035577186072
Sep-86,0.0669999999999999,0.018415463806198476,0.011634452223248836
Oct-86,-0.03199999999999985,0.005845721896260037,-0.0027509531927076177
Nov-86,-0.04600000000000017,-0.011445072371604914,-0.005168419066456726
Dec-86,-0.027999999999999935,-0.009778065744373635,-0.005403695004359277
Jan-87,-0.04999999999999992,0.00387473889567648,0.001986296942666818
Feb-87,0.15999999999999995,-0.0006025598076695587,-0.0019410509986426128
Mar-87,0.018888888888888882,-0.0009891912663067062,0.005266627884429102
Apr-87,0.578888888888889,0.012845741536278717,0.09690323831685069
May-87,0.5088888888888886,0.00638518306861624,0.08500807963286156
Jun-87,-0.16888888888888864,-0.0036596973160445967,-0.033346260745911654
Jul-87,-0.04666666666666676,0.007285254010168302,-0.057290414323573235
Aug-87,0.33111111111111124,-0.0008464213928191383,0.006737121065218676
Sep-87,0.5955555555555554,0.003357752335159392,0.04702410962445877
Oct-87,0.02333333333333323,0.0030912781302959713,0.07547475922694086
Nov-87,-0.6477777777777778,-0.002343288140937219,-0.03768987137224486
Dec-87,0.14444444444444463,0.0006406908918929616,0.029305797944541273
Jan-88,-0.21888888888888886,-0.006768267449651186,-0.049824833559563075
Feb-88,-0.39888888888888896,-0.0026660722027351813,-0.05477021524141945
Mar-88,0.1033333333333333,0.006259705198439325,-0.0039047249692973907
Apr-88,0.31555555555555553,0.0012986737870964576,0.027301402624264698
May-88,0.37555555555555586,-0.004303935285539726,0.006732596470816421
Jun-88,-0.015555555555555718,-0.013868630039806096,-0.022600349040139578
Jul-88,0.21222222222222223,-0.005523686595987835,-0.0003574429577921645
Aug-88,0.3077777777777778,-0.008498797934812619,0.020736216146338582
Sep-88,-0.14333333333333323,-0.009910978205178729,-0.0545032641716762
Oct-88,-0.08222222222222245,-0.007628877152879021,-0.022858250921078016
Nov-88,0.28666666666666685,-0.010142425018720737,-0.010012927412578157
Dec-88,0.3022222222222219,-0.016880542308753382,0.03481675392670129
Jan-89,0.06333333333333356,-0.008481062546801735,-0.021935233662982487
Feb-89,0.15111111111111106,-0.005327710558467658,-0.02136061017387343
Mar-89,0.26111111111111107,-0.0063612402948015675,0.009207549608945598
Apr-89,-0.19666666666666663,0.0027441079099830394,-0.010659944412126116
May-89,-0.33111111111111097,0.004944626177432725,-0.02849589554650609
Jun-89,-0.5477777777777781,-0.0022993930556103022,-0.06231271411027071
Jul-89,-0.40111111111111086,0.01080661529972807,-0.051847327257449685
Aug-89,0.18333333333333318,-0.006809058842076259,0.05795552970073055
Sep-89,0.05000000000000012,0.001065453434753527,0.04935880033611281
Oct-89,-0.19333333333333347,0.0016214578488944818,-0.019338116475987623
Nov-89,-0.14333333333333323,0.001166545146415502,-0.056399069226294375
Dec-89,-0.03777777777777786,0.002098096401686832,-0.0012397388662657716
Jan-90,0.2766666666666668,0.007224066921530733,0.044770861612048254
Feb-90,0.22999999999999993,0.0022067256532534857,0.02338310387176001
Mar-90,0.17777777777777792,-0.0059887971465731275,0.009497123650701433
Apr-90,0.09777777777777746,0.007770316872265771,0.03954947967164398
May-90,-0.053333333333333184,0.0016214578488945135,-0.013628078340120406
Jun-90,-0.23111111111111093,-0.0038902573601860124,-0.043793549221123405
Jul-90,-0.09666666666666658,0.007668338391203221,-0.009564992566737787
Aug-90,0.033333333333333215,0.020513636542781672,0.0035382328227004413
Sep-90,0.046666666666666363,0.00841322468766012,0.011067157908344824
Oct-90,-0.1888888888888886,0.0010410672762385179,0.002986232305603888
Nov-90,-0.26333333333333364,-0.0048470815433728776,-0.02119320018098381
Dec-90,-0.2999999999999997,0.0003192369841958295,0.006311809191390436
Jan-91,-0.18777777777777793,0.01639592283135615,0.03720121517678234
Feb-91,-0.2844444444444444,0.0035492945256768715,-0.020252084545278194
Mar-91,0.18888888888888872,0.006528839711504364,0.029961864132893874
Apr-91,-0.13444444444444403,0.004618738422732874,0.017817852756770752
May-91,-0.06555555555555564,0.00831035943719699,0.02046474048219242
Jun-91,0.20333333333333325,0.0007488767587593426,0.017845000323185242
Jul-91,-0.025555555555555703,0.0005209770228194882,-0.012573847844353975
Aug-91,-0.4177777777777776,0.004456459622433351,-0.0493588003361127
Sep-91,-0.22555555555555548,0.00010197848106252572,-0.015926572296554788
Oct-91,-0.2077777777777779,0.009081405430969913,-0.0061172516320857975
Nov-91,-0.28777777777777785,0.01668722657943482,-0.0015021653416070896
Dec-91,-0.43888888888888883,0.012206380798486613,-0.0085695817982029
Jan-92,-0.10333333333333321,0.00264700666062348,0.01899424730140254
Feb-92,0.22222222222222202,0.005282485319039909,0.021899036907762924
Mar-92,0.3011111111111111,-0.008440271154376677,0.03753603516256232
Apr-92,-0.21222222222222215,0.012654642730461518,-0.0108409281882232
May-92,-0.10222222222222227,0.001828518503921489,0.0007465580764009633
Jun-92,-0.10111111111111112,-3.547077602178428e-05,-0.01679076982741902
Jul-92,-0.5311111111111111,0.01344830134394831,-0.03126042272639125
Aug-92,-0.17555555555555558,-0.003928388444409403,-0.005533578954172391
Sep-92,-0.2211111111111111,0.008919126630670376,-0.014994505849654206
Oct-92,0.14999999999999997,0.0035315591376660627,0.042318531445931055
Nov-92,0.3455555555555556,-0.011837928112560597,0.026170254023657247
Dec-92,0.004444444444444399,-0.009443207346391841,-0.0061715467649149786
Jan-93,-0.2155555555555557,0.005640740156859642,-0.005918169478378879
Feb-93,-0.25444444444444436,-0.0039607555275292805,-0.01369142266175434
Mar-93,-0.15333333333333313,-0.008717829976746916,-0.015605326093982207
Apr-93,-0.06444444444444469,0.004981870492255541,-0.005443087066123772
May-93,0.09444444444444455,-0.0018014720372049042,0.004004266046150923
Jun-93,0.05555555555555555,-0.010529056477357829,0.012352142718634794
Jul-93,-0.10111111111111118,-0.004935758483427241,-0.004619610884881331
Aug-93,-0.09333333333333327,-0.010729022977180466,-0.0008415745588519902
Sep-93,-0.19999999999999998,-0.008707188743940414,-0.0033301014801888004
Oct-93,0.00777777777777776,-0.00432876482875498,-0.0072755477991079814
Nov-93,0.2749999999999999,0.0037323670454227076,0.006066170442567673
Dec-93,0.02800000000000007,0.0010014838278760013,0.0032127604200554508
Jan-94,-0.048000000000000084,0.004444284463002296,0.0004046059052402774
Feb-94,0.2780000000000001,-0.005452167548564382,0.0008700339635899848
Mar-94,0.4660000000000002,-0.00038075583232345667,0.01040898148268641
Apr-94,0.4509999999999998,-0.0021677485411692315,0.013636615612841088
May-94,0.32499999999999996,-0.014015974146998955,-0.0002363690189597506
Jun-94,-0.054000000000000006,0.0013854392890424866,-0.0025463518419717446
Jul-94,0.20200000000000023,-0.0017661951213659433,0.0005763660259997458
Aug-94,0.013999999999999879,-0.007205564154558058,-0.0031635034549169494
Sep-94,0.20100000000000007,0.002324530354478882,0.0022376442801931365
Oct-94,0.3110000000000001,-0.005802526906878797,0.0008150285632490747
Nov-94,0.3009999999999999,-0.011283491115030686,0.0019035128241830929
Dec-94,0.15999999999999986,-0.028006351263253418,0.009909931422176534
Jan-95,-0.016999999999999994,-0.0006287270676601717,-0.009484752169896055
Feb-95,-0.2849999999999998,0.000606329665758791,-0.018275349070230464
Mar-95,-0.23400000000000015,0.0024829119822100607,-0.01072871745155958
Apr-95,-0.15,0.0022333409324518452,-0.0046076782437830845
May-95,-0.3370000000000001,-0.008471017361986015,-0.01320389214933568
Jun-95,-0.395,-0.0021773474276983867,-0.007240822673624208
Jul-95,0.06500000000000013,0.006704822240620065,0.0018984280453368339
Aug-95,0.15500000000000017,0.0019373752644693265,0.007095667365023992
Sep-95,-0.21500000000000022,-0.0064232549024313065,0.0002913353806915271
Oct-95,-0.10699999999999994,-0.006388058985157728,-0.0018992673754343586
Nov-95,-0.12000000000000002,-0.0004927428418303598,-0.01070145874269647
Dec-95,-0.1860000000000001,-0.001497426298549362,0.0042979947167748524
Jan-96,-0.12999999999999973,0.00819424946706182,-0.004122623524665896
Feb-96,0.0019999999999997797,0.01423834835159122,0.0032129848920582635
Mar-96,0.441,1.439832979373279e-05,0.011497846370060016
Apr-96,0.22100000000000009,0.0012654532074279565,0.01076518927219017
May-96,0.13799999999999998,0.0016606073695451251,0.0018718720314390667
Jun-96,0.15899999999999997,-0.0014926268552848052,0.0043803954611110404
Jul-96,-0.01700000000000017,-0.00306364461722438,-0.0022227412911369204
Aug-96,-0.20299999999999993,0.00020317643153393294,-0.004711784454825844
Sep-96,0.17200000000000024,0.002306932395842093,0.005262355719806915
Oct-96,-0.2610000000000001,-0.0003471597294713996,-0.005353696305646277
Nov-96,-0.22000000000000003,-0.009416507685108495,-0.009318223222767328
Dec-96,0.050000000000000086,0.002809274124201573,0.008307552669590238
Jan-97,0.21699999999999992,0.005015418211487474,-0.0002811755826512517
Feb-97,-0.11099999999999995,-0.002913262061600863,-0.0022210626309419855
Mar-97,0.275,-5.9193133596514846e-05,0.006577312712272423
Apr-97,0.17299999999999996,0.00019357754500479163,0.007991905995029094
May-97,-0.1549999999999999,-0.0014510316803250864,-0.0005631709760953729
Jun-97,-0.1830000000000001,-8.479016434095876e-05,-0.0032698251070308604
Jul-97,-0.18100000000000005,-0.007949477860568169,-0.012154505055499892
Aug-97,0.0660000000000001,0.0008830975606829855,-0.0019520475750517165
Sep-97,-0.08800000000000008,0.0005759331917497557,0.006830312178744774
Oct-97,-0.11400000000000006,-0.00533058165252831,-0.004271389904615678
Nov-97,-0.07199999999999988,-0.010248411184302607,-0.008092059546891867
Dec-97,-0.027000000000000045,-0.006839206652028369,0.001814124168802984
Jan-98,-0.26399999999999996,0.003596382819592906,-0.00844490025635352
Feb-98,0.05999999999999987,0.0010078830855620828,4.2405689226568746e-05
Mar-98,0.06900000000000013,0.0003695571313727698,0.0061578623758897855
Apr-98,-0.013000000000000077,-0.00030876418335473027,0.004793316590107616
May-98,0.03500000000000005,-0.002100556335465107,0.0008177124676305332
Jun-98,-0.11100000000000013,-0.007671110151222436,-0.0014800610303590638
Jul-98,-0.04599999999999991,0.0016254114522715225,-0.00238556157039309
Aug-98,-0.14299999999999996,0.00015198237004508328,-0.004214891277473437
Sep-98,-0.4760000000000001,0.006565638385947238,-0.00818997813837889
Oct-98,-0.418,0.01916577676989468,0.005604997592619113
Nov-98,0.3500000000000002,-0.008872570781789303,-0.003675162986193344
Dec-98,-0.08900000000000005,-0.005898515772170442,0.00018760979608835023
Jan-99,0.06599999999999992,0.0033916065736374727,0.0018470239566931554
Feb-99,0.22800000000000004,0.0008479016434093586,0.0037309784376749026
Mar-99,0.16500000000000012,0.004925828603881945,0.0043633551082019745
Apr-99,-0.07800000000000003,0.0029660559375112375,0.0034302640311267875
May-99,0.2759999999999998,0.001209459702674505,4.5089593608077516e-05
Jun-99,0.30100000000000005,-0.0007951077674989565,0.01175314911447423
Jul-99,-0.10199999999999987,0.0019389750788908408,-0.00887855088682711
Aug-99,0.17299999999999988,-0.003914745889476816,0.0046013637487475195
Sep-99,-0.006999999999999939,0.0016302108955361105,0.0030854067172433504
Oct-99,0.187,-5.9193133596514846e-05,-0.002715135268780776
Nov-99,-0.004999999999999982,-0.01087713825196275,-0.0038233535466577137
Dec-99,0.2219999999999999,-0.0007999072107635619,0.007113224979504739
Jan-00,0.27300000000000013,0.0004815441408796521,0.0026680449464520674
Feb-00,0.015999999999999924,-0.024729931327965946,-0.001960245682980498
Mar-00,-0.09500000000000001,-0.008346231837106918,-0.005653659218967537
Apr-00,-0.15999999999999998,-0.004927428418303488,-0.002202421695056401
May-00,0.346,0.0015038255562355171,0.007859350397543142
Jun-00,-0.269,-0.0008111059117142669,-0.003941786927271058
Jul-00,-0.051000000000000156,-0.003313215666982618,-0.01789491782372764
Aug-00,-0.07199999999999998,-0.007928680273088335,-0.005614015511340752
Sep-00,-0.05999999999999996,0.009099744429646181,-6.814189233147521e-05
Oct-00,-0.07099999999999991,0.0005807326350143263,-0.008004125079703835
Nov-00,-0.015999999999999924,-0.0021661487267476826,-0.002971033351985142
Dec-00,-0.4530000000000001,0.0073831435553475735,-0.002744043358881943
Jan-01,-0.37699999999999995,0.03071803670774191,-0.00360471781591991
Feb-01,-0.10100000000000016,0.004202712485351701,0.0057605762098715575
Mar-01,-0.2819999999999999,0.011793831915497783,0.003995308860463007
Apr-01,-0.03399999999999981,0.026864083766283124,0.013877952294819564
May-01,0.02999999999999985,0.0116402497310312,0.006224959985425582
Jun-01,-0.139,0.00266689064068569,-0.0027448046117610116
Jul-01,-0.03199999999999999,-0.0026172963936183374,-0.0010965359740783675
Aug-01,-0.19454545454545447,0.001420646500503886,-0.0024268816104496085
Sep-01,-0.4754545454545454,0.030049006483055335,0.011289378637266473
Oct-01,-0.3227272727272728,0.012109745641611852,-0.005317304425946703
Nov-01,-0.07272727272727271,0.0016350837081271496,0.006252277628068868
Dec-01,0.20909090909090908,0.017008047412042537,0.016521294950438477
Jan-02,-0.054545454545454536,0.00038320723214152475,-0.0008403077877306014
Feb-02,-0.009090909090909078,-0.00518620357696184,0.0005073848866640474
Mar-02,0.33499999999999996,0.007185619233639751,0.025380197135146693
Apr-02,-0.09500000000000004,0.0007092986941493185,-0.002763141334645676
May-02,-0.09099999999999993,0.0012481539707494271,-0.013200176683434123
Jun-02,-0.18499999999999991,-0.005510298064249741,-0.012437612191963716
Jul-02,-0.23600000000000013,-0.002113074915704616,-0.020709791408667185
Aug-02,-0.297,-0.012496890201620786,-0.01646617601381197
Sep-02,-0.181,-0.021499690343480565,-0.0022549737596863255
Oct-02,-0.012999999999999946,0.011951682996416468,-0.0016549277735870456
Nov-02,-0.07400000000000007,0.020703052631021762,0.015758322878891177
Dec-02,-0.041999999999999996,0.0018452352595556554,0.0028229444415311025
Jan-03,-0.03200000000000003,0.00438336006436621,-0.002658719609844243
Feb-03,-0.08899999999999997,-0.008357020733753578,-0.008970738318925715
Mar-03,-0.06599999999999999,-0.0014884686029462968,-0.0043794317086256205
Apr-03,0.06700000000000006,0.0065472504089054695,0.005713806116151214
May-03,-0.2390000000000001,-0.02016896130087506,-0.0015441799347320172
Jun-03,-0.19299999999999998,-0.002657752793525231,-0.008966717560639128
Jul-03,0.31500000000000006,0.037608710611426066,0.019580947636354838
Aug-03,0.32199999999999995,0.022239160698500376,0.01223671949689595
Sep-03,-0.127,-0.008587807473043996,-0.0007553670618513156
Oct-03,0.008999999999999985,0.0001603861972591658,-0.0007462999342479522
Nov-03,0.06500000000000003,-0.006095204823231115,0.0033685422809912186
Dec-03,-0.031000000000000007,-0.0011285259820346116,0.002921321414596948
Jan-04,-0.09699999999999998,-0.0034586251250535716,-0.0004897428812308119
Feb-04,-0.016000000000000004,-0.006551485027974924,-0.007301715200826151
Mar-04,-0.14400000000000004,-0.013790566327367887,-0.010644807806342032
Apr-04,0.35,0.022062365352346763,0.029074085017809517
May-04,0.319,0.0074703973660669165,0.03365133258841234
Jun-04,0.15500000000000008,-0.017404284375843543,0.02082956099410649
Jul-04,-0.09999999999999995,-0.016919949819764024,-0.01735741384665651
Aug-04,-0.082,-0.015675501140700515,-0.020697511304916094
Sep-04,-0.001000000000000112,-0.020726872363288018,-0.006606015102803141
Oct-04,0.043,-0.009133014678248369,0.00482869472087652
Nov-04,0.21000000000000002,-0.01580306904017062,0.0002749182133189934
Dec-04,0.09300000000000011,-0.008481941996305281,0.016156005824905936
Jan-05,0.10299999999999994,-0.016562124508387233,0.013303718016466279
Feb-05,0.10200000000000005,-0.0231136095363621,-0.01727826027325427
Mar-05,0.3109999999999999,0.0016260937227065564,-0.004805305343665425
Apr-05,-0.07399999999999993,-0.010455803810098516,0.004648205331967165
May-05,-0.07300000000000004,-0.014972554375155517,0.0027743958273666186
Jun-05,-0.013999999999999967,-0.018615385429734427,-0.014946111552595613
Jul-05,0.22800000000000004,-0.008397249614914296,0.0009603077438170501
Aug-05,0.16799999999999998,-0.011374716148190495,-0.0008506581256226831
Sep-05,-0.06499999999999995,0.0011195274165118133,0.012047226513809961
Oct-05,0.3009999999999999,-0.004987851936544198,0.006757288191657149
Nov-05,0.15800000000000014,-0.008836591343379982,-0.033855120592494625
Dec-05,-0.05300000000000007,-0.0033194120231421834,0.033872447065562486
Jan-06,0.079,-0.019879948549378305,-0.03354881686641043
Feb-06,0.21100000000000002,-0.009375975947363679,-0.004774818375077081
Mar-06,0.12999999999999998,0.0035124020396805162,-0.005455173800348847
Apr-06,0.18363636363636368,0.009311141529158677,0.0036163756820002564
May-06,0.10545454545454538,0.0016787653615318882,0.0012360304725632099
Jun-06,0.06272727272727284,-0.00717669710142747,0.00842299222353481
Jul-06,0.031818181818181704,-0.005197123990313038,-0.006588851492610733
Aug-06,-0.12363636363636359,-0.004240098674809341,-0.024894126576079784
Sep-06,-0.16363636363636386,0.0012300356492832476,0.018935914783996463
Oct-06,0.046363636363636586,-0.0034885756832779193,-0.009534402785920684
Nov-06,-0.04727272727272724,-0.008593372542530946,-0.01669741378822892
Dec-06,-0.07818181818181821,0.005301364299574301,0.018454118761572557
Jan-07,0.1636363636363636,0.0016926640694333661,0.004048343012301142
Feb-07,0.004545454545454449,-0.003205637700997256,-0.016194370443175468
Mar-07,-0.14363636363636365,0.00029286563078170444,-0.009782620122369533
Apr-07,0.048181818181818284,0.007887516734104505,0.014249600700963556
May-07,0.003636363636363801,0.003644439764744814,0.007078615930185508
Jun-07,0.16272727272727258,0.013722988523036649,0.02105907317120343
Jul-07,-0.026363636363636287,-0.0070843699703674635,-0.015354059978785528
Aug-07,-0.43454545454545473,0.015844527007716477,0.0052654039994177
Sep-07,-0.26272727272727275,0.008576495540079124,0.006407422162492599
Oct-07,-0.013636363636363547,0.00010721860381161102,-0.0036556048027434375
Nov-07,-0.46727272727272734,0.011869496547885848,-0.03509510321550109
Dec-07,-0.21454545454545454,0.016088747160842985,0.0407322871810664
Jan-08,-0.4,0.009483882613077393,-0.022809841313910572
Feb-08,-0.3018181818181818,0.03262026744483386,-0.012766121093210587
Mar-08,-0.42909090909090897,0.022149576570749535,0.018961120885936794
Apr-08,0.1636363636363637,-0.0025146733653223924,0.029286720112194853
May-08,0.33636363636363625,-0.012230862953325025,-0.023237089693619848
Jun-08,0.2318181818181819,-0.0055048810938463505,0.02250746980368475
Jul-08,-0.16000000000000003,0.0029912004933740632,-0.006033321532611029
Aug-08,-0.07636363636363629,-0.0020798423609753314,-0.006601150742734499
Sep-08,-0.3472727272727274,0.010764549269716164,0.026858473405431137
Oct-08,-0.26818181818181813,0.020957265985770357,0.012205470683703479
Nov-08,-0.33909090909090916,0.009357801477113736,-0.018652186206765717
Dec-08,-0.649090909090909,-0.034494607481836886,-0.023211110037101506
Jan-09,0.08818181818181815,0.01028702937681443,0.0017251150386404235
Feb-09,0.26,0.010924384410583451,9.03452860564341e-05
Mar-09,-0.027272727272727285,0.002900858892014302,0.005497349923134703
Apr-09,0.014545454545454578,0.006180953956769569,-0.004673359051346391
May-09,0.16818181818181818,0.018959823107353974,-0.0035825534133246337
Jun-09,0.24999999999999997,0.008974594244972267,0.007373990652636827
Jul-09,-0.11454545454545449,-0.00276485010754951,-0.006877930712060668
Aug-09,0.022727272727272697,-0.0025990583775815923,0.0025079603015270256
Sep-09,-0.13727272727272724,-0.00422421443720758,-0.0008605647463676216
Oct-09,-0.024545454545454495,0.0017462733713391465,-0.0017071921270345215
Nov-09,-0.027272727272727358,0.007005941547208988,-0.0037629468762397263
Dec-09,0.08909090909090911,0.006510551887005361,0.0033023874698076897
Jan-10,0.06909090909090905,0.003996871286532949,0.0012735706212001312
Feb-10,-0.026363636363636297,0.0003206630465847349,-0.0019686883709619796
Mar-10,0.05363636363636362,-0.002118560190129515,-0.0005176686122300329
Apr-10,0.07363636363636367,-7.74356583083946e-05,0.0002575053447033786
May-10,-0.24727272727272728,-0.013886794723304396,-0.0045762873201188655
Jun-10,-0.12454545454545456,-0.004089198417592976,0.0011722510314423479
Jul-10,-0.10363636363636367,-0.0053827710172831555,-0.006728733714911211
Aug-10,-0.15909090909090906,-0.007688963764082984,-0.0022052435022335516
Sep-10,-0.03272727272727276,-0.0008041395285871,0.0014094780042332002
Oct-10,-0.06363636363636362,0.005501902799296049,-0.004720535173964962
Nov-10,0.12454545454545456,0.012488981814352956,0.0019899223102943535
Dec-10,0.25727272727272726,0.00910166814578603,0.007828532928649195
Jan-11,0.04454545454545456,0.004157699192250397,-0.003537660481207827
Feb-11,0.12181818181818181,0.0036980490666506383,0.004043353719106201
Mar-11,-0.09727272727272739,-0.004310584979167031,0.001102473196517897
Apr-11,0.009090909090909167,0.0004775198929017621,0.000546579210834475
May-11,-0.18090909090909094,-0.006586994780463595,-0.004054646545280831
Jun-11,-0.1081818181818181,-0.0009609963749040717,-0.00226772476352634
Jul-11,0.0009090909090908191,0.0018703689776025934,-0.002121862884038311
Aug-11,-0.34727272727272723,-0.02493428197530123,-0.003929338733627586
Sep-11,-0.14818181818181816,-0.019110723364570287,-0.000139172907549087
Oct-11,0.06727272727272728,-0.0018892315097546741,0.002342489214986309
Nov-11,-0.07636363636363637,-0.004672944149456251,-0.001246991392967365
Dec-11,-0.013636363636363648,-0.0019487974007611208,0.0008256878738728628
Jan-12,-0.001818181818181825,0.0017035844827845703,-0.0009353372278059005
Feb-12,0.03272727272727274,0.001099983453919151,0.00033425855412678746
Mar-12,0.10636363636363635,0.0063646154540395045,0.001904874133268399
Apr-12,-0.06636363636363636,-0.0039045441554730054,-0.001735757436571288
May-12,-0.10454545454545454,-0.011735473293121315,4.986616535511933e-05
Jun-12,-0.07545454545454543,-0.009903822144672933,0.0014633297154935197
Jul-12,-0.050000000000000024,-0.004126923481897082,-0.0017211348460541061
Aug-12,0.07454545454545451,0.0075529549796182205,-0.0013639747937642258
Sep-12,0.012727272727272775,0.004822851641822501,0.0004781209690136196
Oct-12,0.019999999999999938,0.000319670281734602,-0.0018660143915278933
Nov-12,-0.04181818181818178,-0.004586573607496855,-0.0013911937436029904
Dec-12,0.01363636363636363,0.004804981874520525,0.004459349422532473
Jan-13,0.08363636363636368,0.008782990628901505,-0.0006110599367284563
Feb-13,0.03999999999999996,0.0033972413170680477,-0.0009137419394492116
Mar-13,-0.012727272727272719,9.034160135978908e-05,-0.0007751793102522995
Apr-13,-0.10272727272727274,-0.008817737398655268,2.7599035479153582e-05
May-13,0.07636363636363636,0.007931198387509206,0.0020264801249170214
Jun-13,0.18818181818181812,0.011547840736451001,0.002226166949070966
Jul-13,0.11090909090909094,0.009868082610069051,0.0007173420530867895
Aug-13,0.08000000000000002,0.006367593748589834,-0.0006000883096865528
Sep-13,0.030000000000000013,0.0014454656217565975,0.0008223581095303089
Oct-13,-0.08727272727272727,-0.0054979317398956284,-0.0064001229122014535
Nov-13,0.028181818181818145,0.006097561709360572,0.004945452189994239
Dec-13,0.08727272727272728,0.003844978264466531,0.00369148274586848
Jan-14,-0.011818181818181828,-0.005457228381041207,-0.0007226686053710945
Feb-14,-0.07,-0.004874475414028023,-0.002648161046300823
Mar-14,0.03181818181818185,-0.002988222198823748,0.0013898821804777103
Apr-14,-0.010000000000000026,-0.0037576149576570572,0.001396528325865622
May-14,-0.06999999999999997,-0.005600186519456707,-0.001496852198311958
Jun-14,0.03636363636363631,0.00036930852424002514,0.0019547295919857604
Jul-14,-0.009090909090909094,-0.0046292624960515005,0.0005007387412761365
Aug-14,-0.056363636363636345,-0.005290443886223156,-0.0013589614106343188
Sep-14,0.06363636363636359,0.0018038537326454107,0.0022142263713120225
Oct-14,-0.12999999999999998,-0.008322347738451558,-0.002288308274614957
Nov-14,0.033636363636363624,-0.0016797581263819916,0.00020368307669689847
Dec-14,-0.021818181818181816,-0.011446578721740056,0.003936397084569155
Jan-15,-0.17545454545454542,-0.014026774567169553,-0.0016463516579780617
Feb-15,0.06636363636363632,0.004325476451918581,0.000650904689142643
Mar-15,0.038181818181818226,0.0018733472721529643,0.0019221626765871698
Apr-15,-0.0763636363636364,-0.00043185270979677337,-0.0025906904914785034
May-15,0.14454545454545456,0.015021524946977324,0.00152507489544048
Jun-15,0.0909090909090909,0.005358944660880549,0.0017397403058170419
Jul-15,-0.02272727272727275,-0.002619906439433828,-0.0006661937678602205
Aug-15,-0.049090909090909095,-0.011304613348174675,0.00369051647181088
Sep-15,-0.005454545454545409,0.004747401513214317,-0.0006495931260173636
Oct-15,-0.07545454545454545,-0.0013303048991441108,-0.004068945260005846
Nov-15,0.19818181818181815,-0.001013612911959838,0.009385893690247131
Dec-15,0.055454545454545534,-0.008283629909297374,0.002396327542949432
Jan-16,-0.09636363636363639,-0.003032896617078562,-0.00805348741791062
Feb-16,-0.1618181818181818,-0.009683428347949025,-0.0030016835184126234
Mar-16,0.08909090909090903,0.00021840826702364258,0.004106825344391548
Apr-16,-0.09090909090909086,0.001243934357184756,-0.002365414803084352
May-16,0.032727272727272716,-0.0016072862923241088,0.0004701632605004242
Jun-16,-0.10181818181818182,-0.006441058347497794,-0.0015815791762051942
Jul-16,-0.07909090909090907,-0.00880880251500428,-0.0030977086757993585
Aug-16,0.048181818181818103,0.0003534242866382875,0.0026946894173350694
Sep-16,0.040000000000000036,0.004465456295783765,0.005976153440305353
Oct-16,0.08636363636363638,0.00433738963011987,-0.0007260144296702825
Nov-16,0.23090909090909092,0.01092636994028369,0.004470299636298861
Dec-16,0.22545454545454546,0.0059347482739429275,-0.0010888516766310308
Jan-17,-0.028181818181818172,-0.004228185496608056,-0.006556621836301468
Feb-17,-0.00272727272727277,0.00047751989290174823,0.0021604014266460962
Mar-17,0.13000000000000003,-0.005573381868503785,0.002085323806031724
Apr-17,-0.07727272727272728,-0.0071072035619199475,-0.004571983251740387
May-17,0.038181818181818206,-0.001494111099411874,0.007297593438918851
Jun-17,-0.017272727272727308,-0.010160948240850759,-0.0025880084787202676
Jul-17,0.08,0.0014375235029557287,-0.005620636856911243
Aug-17,-0.055454545454545486,-0.003005099201275563,-0.0027820689647327073
Sep-17,0.014545454545454558,-0.002264496623095316,0.0016922429840657473
Oct-17,0.12000000000000002,0.0007753493479339957,0.005515636860424352
Nov-17,0.07181818181818182,-0.009094718791835259,0.004369670624676431
Dec-17,0.08909090909090911,-0.006178968427069387,0.0003994004149022977
Jan-18,0.1454545454545454,-0.0003524315217881893,0.001270259593473641
Feb-18,0.20363636363636364,0.005073028384049591,0.006501795821005241
Mar-18,0.06363636363636362,-0.008023525518569219,-0.01008894773524667
Apr-18,0.050000000000000024,-0.0036990418315007365,0.0036718949520913105
May-18,0.1027272727272727,-0.0013720010228486304,0.004295556601460224
Jun-18,-0.006363636363636349,-0.005372843368782056,-0.004503206487446253
Jul-18,0.023636363636363657,-0.004508145184338383,-0.0018171600034408326
Aug-18,0.030909090909090976,-0.0010096418525593759,0.0009343388338350217
Sep-18,0.11272727272727266,-3.9710594004239985e-06,0.00039573071481092265
Oct-18,0.12909090909090903,0.003519351393631253,-0.0013579844299389451
Nov-18,0.01090909090909104,-0.0013630661391976703,-0.0013134501701870388
Dec-18,-0.15181818181818182,-0.010722853146011641,-0.010641503926609201
Jan-19,-0.08272727272727282,-0.0009272423700004417,-0.005173733766938778
Feb-19,-0.020909090909090867,-0.0004874475414028065,-0.00268438695515302
Mar-19,-0.05999999999999997,-0.000989786555557235,-0.0028448714251582043
Apr-19,-0.0445454545454546,0.0002501767422271005,-0.0017018736047285318
May-19,-0.10181818181818186,-0.0023508671650546743,-0.0019769860152239584
Jun-19,-0.2981818181818181,0.0007882552909853867,-0.005739255696625558
Jul-19,-0.02272727272727275,0.0018624268588017662,0.0006592157167018449
Aug-19,-0.29,-0.011937004557693167,-0.007081587022163171
Sep-19,0.03181818181818183,0.002394548818459411,0.004470652955344845
Oct-19,-0.09727272727272726,0.00972611723650366,0.003882189377603409
Nov-19,0.028181818181818186,0.006800439223236705,0.0064130806205473555
Dec-19,0.013636363636363648,0.0014385162678058477,0.001931466744798356
Jan-20,-0.07181818181818182,-0.0018167596756968087,-0.0009104094984472207
Feb-20,-0.16272727272727272,-0.007832914667348576,-0.008582780762085762
Mar-20,-0.8627272727272728,0.025012710398459714,0.004384210238751
Apr-20,-0.22272727272727266,0.0013561167852469136,0.004736134745177502
May-20,0.02272727272727271,0.004918157067432802,0.0002498554520257145
Jun-20,-0.0009090909090909125,1.985529700213734e-05,0.00030269538601795346
Jul-20,-0.09636363636363635,-0.006342774627337129,-0.0019477381575301728
Aug-20,0.09454545454545454,0.011765256238624573,0.0022298205892056803
Sep-20,-0.013636363636363646,-0.0011168604563709938,-0.000725669140602611
Oct-20,0.08090909090909092,0.008373971510657177,0.00028905245285557903
Nov-20,-0.021818181818181796,-0.0026357906770355377,-0.0009040925821703498
Dec-20,0.019999999999999983,0.0037000345963508346,-4.719218257520787e-05
Jan-21,0.07272727272727275,0.010362479505422614,-0.0003518950631726766
Feb-21,0.15818181818181815,0.014537055700124854,0.002527532035347564
Mar-21,0.11000000000000004,0.010606699658549046,0.0025055994879015146
Apr-21,-0.04727272727272731,-0.004489282652186344,-0.0013659421384521492
May-21,-0.030909090909090876,-0.0009093726026985077,-0.00046749463103939147
Jun-21,-0.005454545454545459,-0.011355244355530161,0.0006077462323425356
Jul-21,-0.10272727272727274,-0.0068193017553887375,-0.0012047858269276677
Aug-21,0.029090909090909115,0.0013521457258464792,0.0017297804560432125
Sep-21,0.11454545454545455,0.005561468690302468,-0.001406833464707125
Oct-21,0.05999999999999996,-0.008051322934372218,0.004791985921039015
Nov-21,-0.022727272727272704,-0.008219100194040402,-0.001323070084212054
Dec-21,0.09727272727272723,0.0010543162708142179,0.00927756660607713
Jan-22,0.27909090909090906,-0.0020182909402686466,0.022458288863146117
Feb-22,0.1281818181818182,-0.004598486785698158,0.010832925226414436
Mar-22,0.4854545454545454,-0.0068659617033438244,0.021303007852549252
Apr-22,0.4427272727272728,0.007770370481791779,0.0126959176694353
May-22,0.05272727272727265,-0.00013600878446472925,-0.014157574472779239
Jun-22,0.36727272727272725,-0.021923226184925003,0.007904354660587712
Jul-22,0.06727272727272741,-0.023876987409936684,-0.039856741171816736
Aug-22,0.4618181818181817,-0.007349438185346188,0.02385847618246533
Sep-22,0.609090909090909,-0.0010622583896150693,0.010636875982438579
Oct-22,0.45999999999999996,-0.010158962711150563,-0.019709413152120818
Nov-22,-0.17272727272727265,-0.021661136264496627,-0.019380111771275715
Dec-22,0.10454545454545454,0.005092883681051732,-4.487151884129126e-05
Jan-23,-0.1418181818181819,-0.017740707871421905,-0.028551693370192262
Feb-23,0.3818181818181818,-0.00188724598005445,0.018787068429233493
Mar-23,-0.3718181818181818,0.0008061250582873311,-0.024406037727314023
Apr-23,0.032727272727272674,0.00291674312961597,0.04655330947024528
